,Accession,Genotype,Segment,Length,Collection_Date,season
0,PV283060,H1N1,1,2280,2024-12-30,2024/25
1,PV283059,H1N1,2,2274,2024-12-30,2024/25
2,PV283058,H1N1,3,2151,2024-12-30,2024/25
3,PV283057,H1N1,8,838,2024-12-30,2024/25
4,PV283056,H1N1,5,1497,2024-12-30,2024/25
5,PV283055,H1N1,6,1410,2024-12-30,2024/25
6,PV283054,H1N1,7,982,2024-12-30,2024/25
7,PV283053,H1N1,4,1701,2024-12-30,2024/25
8,PV283052,H1N1,1,2280,2024-12-23,2024/25
9,PV283051,H1N1,2,2274,2024-12-23,2024/25
10,PV283050,H1N1,3,2151,2024-12-23,2024/25
11,PV283049,H1N1,8,838,2024-12-23,2024/25
12,PV283048,H1N1,5,1497,2024-12-23,2024/25
13,PV283047,H1N1,6,1410,2024-12-23,2024/25
14,PV283046,H1N1,7,982,2024-12-23,2024/25
15,PV283045,H1N1,4,1701,2024-12-23,2024/25
16,PV283044,H1N1,1,2280,2024-12-17,2024/25
17,PV283043,H1N1,2,2274,2024-12-17,2024/25
18,PV283042,H1N1,3,2151,2024-12-17,2024/25
19,PV283041,H1N1,8,838,2024-12-17,2024/25
20,PV283040,H1N1,5,1497,2024-12-17,2024/25
21,PV283039,H1N1,6,1410,2024-12-17,2024/25
22,PV283038,H1N1,7,982,2024-12-17,2024/25
23,PV283037,H1N1,4,1701,2024-12-17,2024/25
24,PV283036,H1N1,1,2280,2024-12-30,2024/25
25,PV283035,H1N1,2,2274,2024-12-30,2024/25
26,PV283034,H1N1,3,2151,2024-12-30,2024/25
27,PV283033,H1N1,8,838,2024-12-30,2024/25
28,PV283032,H1N1,5,1497,2024-12-30,2024/25
29,PV283031,H1N1,6,1410,2024-12-30,2024/25
30,PV283030,H1N1,7,982,2024-12-30,2024/25
31,PV283029,H1N1,4,1701,2024-12-30,2024/25
32,PV200724,H1N1,1,2280,2024-12-03,2024/25
33,PV200723,H1N1,2,2274,2024-12-03,2024/25
34,PV200722,H1N1,3,2151,2024-12-03,2024/25
35,PV200721,H1N1,8,838,2024-12-03,2024/25
36,PV200720,H1N1,5,1497,2024-12-03,2024/25
37,PV200719,H1N1,6,1410,2024-12-03,2024/25
38,PV200718,H1N1,7,982,2024-12-03,2024/25
39,PV200717,H1N1,4,1701,2024-12-03,2024/25
40,PV200716,H1N1,1,2280,2024-12-11,2024/25
41,PV200715,H1N1,2,2274,2024-12-11,2024/25
42,PV200714,H1N1,3,2151,2024-12-11,2024/25
43,PV200713,H1N1,8,838,2024-12-11,2024/25
44,PV200712,H1N1,5,1497,2024-12-11,2024/25
45,PV200711,H1N1,6,1410,2024-12-11,2024/25
46,PV200710,H1N1,7,982,2024-12-11,2024/25
47,PV200709,H1N1,4,1701,2024-12-11,2024/25
48,PV200708,H1N1,1,2280,2024-12-11,2024/25
49,PV200707,H1N1,2,2274,2024-12-11,2024/25
50,PV200706,H1N1,3,2151,2024-12-11,2024/25
51,PV200705,H1N1,8,838,2024-12-11,2024/25
52,PV200704,H1N1,5,1497,2024-12-11,2024/25
53,PV200703,H1N1,6,1410,2024-12-11,2024/25
54,PV200702,H1N1,7,982,2024-12-11,2024/25
55,PV200701,H1N1,4,1701,2024-12-11,2024/25
56,PV200700,H1N1,1,2280,2024-12-11,2024/25
57,PV200699,H1N1,2,2274,2024-12-11,2024/25
58,PV200698,H1N1,3,2151,2024-12-11,2024/25
59,PV200697,H1N1,8,838,2024-12-11,2024/25
60,PV200696,H1N1,5,1497,2024-12-11,2024/25
61,PV200695,H1N1,6,1410,2024-12-11,2024/25
62,PV200694,H1N1,7,982,2024-12-11,2024/25
63,PV200693,H1N1,4,1701,2024-12-11,2024/25
64,PV033332,H5N1,8,851,,
65,PV033331,H5N1,6,1410,,
66,PV033330,H5N1,5,1497,,
67,PV033329,H5N1,4,1704,,
68,PV033328,H5N1,3,2151,,
69,PV033327,H5N1,1,2280,,
70,PV033326,H5N1,7,982,,
71,PV033325,H5N1,2,2299,,
72,PQ665502,H1N1,1,2280,2024-10-09,2024/25
73,PQ665501,H1N1,2,2274,2024-10-09,2024/25
74,PQ665500,H1N1,3,2151,2024-10-09,2024/25
75,PQ665499,H1N1,8,838,2024-10-09,2024/25
76,PQ665498,H1N1,5,1497,2024-10-09,2024/25
77,PQ665497,H1N1,6,1410,2024-10-09,2024/25
78,PQ665496,H1N1,7,982,2024-10-09,2024/25
79,PQ665495,H1N1,4,1701,2024-10-09,2024/25
80,PP498643,H1N1,1,2280,2024-02-22,2023/24
81,PP498642,H1N1,2,2274,2024-02-22,2023/24
82,PP498641,H1N1,3,2151,2024-02-22,2023/24
83,PP498640,H1N1,8,838,2024-02-22,2023/24
84,PP498639,H1N1,5,1497,2024-02-22,2023/24
85,PP498638,H1N1,6,1410,2024-02-22,2023/24
86,PP498637,H1N1,7,982,2024-02-22,2023/24
87,PP498636,H1N1,4,1701,2024-02-22,2023/24
88,PP432596,H1N1,1,2280,2024-02-06,2023/24
89,PP432595,H1N1,2,2274,2024-02-06,2023/24
90,PP432594,H1N1,3,2151,2024-02-06,2023/24
91,PP432593,H1N1,8,838,2024-02-06,2023/24
92,PP432592,H1N1,5,1497,2024-02-06,2023/24
93,PP432591,H1N1,6,1410,2024-02-06,2023/24
94,PP432590,H1N1,7,982,2024-02-06,2023/24
95,PP432589,H1N1,4,1701,2024-02-06,2023/24
96,PP432588,H1N1,1,2280,2024-01-30,2023/24
97,PP432587,H1N1,2,2274,2024-01-30,2023/24
98,PP432586,H1N1,3,2151,2024-01-30,2023/24
99,PP432585,H1N1,8,838,2024-01-30,2023/24
100,PP432584,H1N1,5,1497,2024-01-30,2023/24
101,PP432583,H1N1,6,1410,2024-01-30,2023/24
102,PP432582,H1N1,7,982,2024-01-30,2023/24
103,PP432581,H1N1,4,1701,2024-01-30,2023/24
104,PP432341,H3N2,1,2280,2024-02-06,2023/24
105,PP432338,H3N2,1,2280,2024-01-25,2023/24
106,PP432301,H3N2,2,2274,2024-02-06,2023/24
107,PP432299,H3N2,2,2274,2024-01-25,2023/24
108,PP432268,H3N2,3,2151,2024-02-06,2023/24
109,PP432267,H3N2,3,2151,2024-01-25,2023/24
110,PP432233,H3N2,8,838,2024-02-06,2023/24
111,PP432229,H3N2,8,838,2024-01-25,2023/24
112,PP432187,H3N2,5,1497,2024-02-06,2023/24
113,PP432184,H3N2,5,1497,2024-01-25,2023/24
114,PP432143,H3N2,6,1410,2024-02-06,2023/24
115,PP432139,H3N2,6,1410,2024-01-25,2023/24
116,PP432097,H3N2,7,982,2024-02-06,2023/24
117,PP432093,H3N2,7,982,2024-01-25,2023/24
118,PP432052,H3N2,4,1701,2024-02-06,2023/24
119,PP432048,H3N2,4,1701,2024-01-25,2023/24
120,PP000722,H3N2,8,838,2023-11-17,2023/24
121,PP000721,H3N2,7,982,2023-11-17,2023/24
122,PP000720,H3N2,6,1439,2023-11-17,2023/24
123,PP000719,H3N2,5,1497,2023-11-17,2023/24
124,PP000718,H3N2,4,1718,2023-11-17,2023/24
125,PP000717,H3N2,3,2151,2023-11-17,2023/24
126,PP000716,H3N2,2,2271,2023-11-17,2023/24
127,PP000715,H3N2,1,2280,2023-11-17,2023/24
128,PP000714,H3N2,8,838,2023-10-24,2023/24
129,PP000713,H3N2,7,982,2023-10-24,2023/24
130,PP000712,H3N2,6,1439,2023-10-24,2023/24
131,PP000711,H3N2,5,1497,2023-10-24,2023/24
132,PP000710,H3N2,4,1718,2023-10-24,2023/24
133,PP000709,H3N2,3,2151,2023-10-24,2023/24
134,PP000708,H3N2,2,2272,2023-10-24,2023/24
135,PP000707,H3N2,1,2280,2023-10-24,2023/24
136,OR861589,H1N2,8,838,,
137,OR861588,H1N2,7,982,,
138,OR861587,H1N2,6,1410,,
139,OR861586,H1N2,5,1497,,
140,OR861585,H1N2,4,1701,,
141,OR861584,H1N2,3,2151,,
142,OR861583,H1N2,2,2274,,
143,OR861582,H1N2,1,2280,,
144,OQ992941,H1N1,1,2280,2023-03-21,2022/23
145,OQ992940,H1N1,2,2274,2023-03-21,2022/23
146,OQ992939,H1N1,3,2151,2023-03-21,2022/23
147,OQ992938,H1N1,8,838,2023-03-21,2022/23
148,OQ992937,H1N1,5,1497,2023-03-21,2022/23
149,OQ992936,H1N1,6,1410,2023-03-21,2022/23
150,OQ992935,H1N1,7,982,2023-03-21,2022/23
151,OQ992934,H1N1,4,1701,2023-03-21,2022/23
152,OQ764790,H3,6,1410,2022-12-29,2022/23
153,OQ764789,H3,8,838,2022-12-29,2022/23
154,OQ764788,H3,7,982,2022-12-29,2022/23
155,OQ764787,H3,5,1497,2022-12-29,2022/23
156,OQ764786,H3,4,1701,2022-12-29,2022/23
157,OQ764785,H3,3,2151,2022-12-29,2022/23
158,OQ764784,H3,2,2274,2022-12-29,2022/23
159,OQ764783,H3,1,2280,2022-12-29,2022/23
160,OQ764782,H1,6,1410,2022-12-27,2022/23
161,OQ764781,H1,8,838,2022-12-27,2022/23
162,OQ764780,H1,7,982,2022-12-27,2022/23
163,OQ764779,H1,5,1497,2022-12-27,2022/23
164,OQ764778,H1,4,1701,2022-12-27,2022/23
165,OQ764777,H1,3,2151,2022-12-27,2022/23
166,OQ764776,H1,2,2274,2022-12-27,2022/23
167,OQ764775,H1,1,2280,2022-12-27,2022/23
168,OQ764774,H3,6,1410,2022-12-28,2022/23
169,OQ764773,H3,8,838,2022-12-28,2022/23
170,OQ764772,H3,7,982,2022-12-28,2022/23
171,OQ764771,H3,5,1497,2022-12-28,2022/23
172,OQ764770,H3,4,1701,2022-12-28,2022/23
173,OQ764769,H3,3,2151,2022-12-28,2022/23
174,OQ764768,H3,2,2274,2022-12-28,2022/23
175,OQ764767,H3,1,2280,2022-12-28,2022/23
176,OQ764766,H3,6,1410,2022-12-23,2022/23
177,OQ764765,H3,8,838,2022-12-23,2022/23
178,OQ764764,H3,7,982,2022-12-23,2022/23
179,OQ764763,H3,5,1497,2022-12-23,2022/23
180,OQ764762,H3,4,1701,2022-12-23,2022/23
181,OQ764761,H3,3,2151,2022-12-23,2022/23
182,OQ764760,H3,2,2274,2022-12-23,2022/23
183,OQ764759,H3,1,2280,2022-12-23,2022/23
184,OQ764758,H3,6,1410,2022-12-21,2022/23
185,OQ764757,H3,8,838,2022-12-21,2022/23
186,OQ764756,H3,7,982,2022-12-21,2022/23
187,OQ764755,H3,5,1497,2022-12-21,2022/23
188,OQ764754,H3,4,1701,2022-12-21,2022/23
189,OQ764753,H3,3,2151,2022-12-21,2022/23
190,OQ764752,H3,2,2274,2022-12-21,2022/23
191,OQ764751,H3,1,2280,2022-12-21,2022/23
192,OQ764750,H1,6,1410,2022-12-24,2022/23
193,OQ764749,H1,8,838,2022-12-24,2022/23
194,OQ764748,H1,7,982,2022-12-24,2022/23
195,OQ764747,H1,5,1497,2022-12-24,2022/23
196,OQ764746,H1,4,1701,2022-12-24,2022/23
197,OQ764745,H1,3,2151,2022-12-24,2022/23
198,OQ764744,H1,2,2274,2022-12-24,2022/23
199,OQ764743,H1,1,2280,2022-12-24,2022/23
200,OQ764742,H3,6,1410,2022-12-23,2022/23
201,OQ764741,H3,8,838,2022-12-23,2022/23
202,OQ764740,H3,7,982,2022-12-23,2022/23
203,OQ764739,H3,5,1497,2022-12-23,2022/23
204,OQ764738,H3,4,1701,2022-12-23,2022/23
205,OQ764737,H3,3,2151,2022-12-23,2022/23
206,OQ764736,H3,2,2274,2022-12-23,2022/23
207,OQ764735,H3,1,2280,2022-12-23,2022/23
208,OQ764734,H1,6,1410,2022-12-28,2022/23
209,OQ764733,H1,8,838,2022-12-28,2022/23
210,OQ764732,H1,7,982,2022-12-28,2022/23
211,OQ764731,H1,5,1497,2022-12-28,2022/23
212,OQ764730,H1,4,1701,2022-12-28,2022/23
213,OQ764729,H1,3,2151,2022-12-28,2022/23
214,OQ764728,H1,2,2274,2022-12-28,2022/23
215,OQ764727,H1,1,2280,2022-12-28,2022/23
216,OQ764726,H3,6,1410,2022-12-22,2022/23
217,OQ764725,H3,8,838,2022-12-22,2022/23
218,OQ764724,H3,7,982,2022-12-22,2022/23
219,OQ764723,H3,5,1497,2022-12-22,2022/23
220,OQ764722,H3,4,1701,2022-12-22,2022/23
221,OQ764721,H3,3,2151,2022-12-22,2022/23
222,OQ764720,H3,2,2274,2022-12-22,2022/23
223,OQ764719,H3,1,2280,2022-12-22,2022/23
224,OQ764718,H3,6,1410,2022-12-29,2022/23
225,OQ764717,H3,8,838,2022-12-29,2022/23
226,OQ764716,H3,7,982,2022-12-29,2022/23
227,OQ764715,H3,5,1497,2022-12-29,2022/23
228,OQ764714,H3,4,1701,2022-12-29,2022/23
229,OQ764713,H3,3,2151,2022-12-29,2022/23
230,OQ764712,H3,2,2274,2022-12-29,2022/23
231,OQ764711,H3,1,2280,2022-12-29,2022/23
232,OQ764710,H3,6,1410,2023-01-02,2022/23
233,OQ764709,H3,8,838,2023-01-02,2022/23
234,OQ764708,H3,7,982,2023-01-02,2022/23
235,OQ764707,H3,5,1497,2023-01-02,2022/23
236,OQ764706,H3,4,1701,2023-01-02,2022/23
237,OQ764705,H3,3,2151,2023-01-02,2022/23
238,OQ764704,H3,2,2274,2023-01-02,2022/23
239,OQ764703,H3,1,2280,2023-01-02,2022/23
240,OQ764702,H3,6,1410,2022-12-21,2022/23
241,OQ764701,H3,8,838,2022-12-21,2022/23
242,OQ764700,H3,7,982,2022-12-21,2022/23
243,OQ764699,H3,5,1497,2022-12-21,2022/23
244,OQ764698,H3,4,1701,2022-12-21,2022/23
245,OQ764697,H3,3,2151,2022-12-21,2022/23
246,OQ764696,H3,2,2274,2022-12-21,2022/23
247,OQ764695,H3,1,2280,2022-12-21,2022/23
248,OQ764694,H3,6,1410,2022-12-21,2022/23
249,OQ764693,H3,8,838,2022-12-21,2022/23
250,OQ764692,H3,7,982,2022-12-21,2022/23
251,OQ764691,H3,5,1497,2022-12-21,2022/23
252,OQ764690,H3,4,1701,2022-12-21,2022/23
253,OQ764689,H3,3,2151,2022-12-21,2022/23
254,OQ764688,H3,2,2274,2022-12-21,2022/23
255,OQ764687,H3,1,2280,2022-12-21,2022/23
256,OQ764686,H3,6,1410,2022-12-29,2022/23
257,OQ764685,H3,8,838,2022-12-29,2022/23
258,OQ764684,H3,7,982,2022-12-29,2022/23
259,OQ764683,H3,5,1497,2022-12-29,2022/23
260,OQ764682,H3,4,1701,2022-12-29,2022/23
261,OQ764681,H3,3,2151,2022-12-29,2022/23
262,OQ764680,H3,2,2274,2022-12-29,2022/23
263,OQ764679,H3,1,2280,2022-12-29,2022/23
264,OQ764678,H1,6,1410,2022-12-22,2022/23
265,OQ764677,H1,8,838,2022-12-22,2022/23
266,OQ764676,H1,7,982,2022-12-22,2022/23
267,OQ764675,H1,5,1497,2022-12-22,2022/23
268,OQ764674,H1,4,1701,2022-12-22,2022/23
269,OQ764673,H1,3,2151,2022-12-22,2022/23
270,OQ764672,H1,2,2274,2022-12-22,2022/23
271,OQ764671,H1,1,2280,2022-12-22,2022/23
272,OQ764670,H1,6,1410,2022-12-21,2022/23
273,OQ764669,H1,8,838,2022-12-21,2022/23
274,OQ764668,H1,7,982,2022-12-21,2022/23
275,OQ764667,H1,5,1497,2022-12-21,2022/23
276,OQ764666,H1,4,1701,2022-12-21,2022/23
277,OQ764665,H1,3,2151,2022-12-21,2022/23
278,OQ764664,H1,2,2274,2022-12-21,2022/23
279,OQ764663,H1,1,2280,2022-12-21,2022/23
280,OQ764662,H3,6,1410,2022-12-29,2022/23
281,OQ764661,H3,8,838,2022-12-29,2022/23
282,OQ764660,H3,7,982,2022-12-29,2022/23
283,OQ764659,H3,5,1497,2022-12-29,2022/23
284,OQ764658,H3,4,1701,2022-12-29,2022/23
285,OQ764657,H3,3,2151,2022-12-29,2022/23
286,OQ764656,H3,2,2274,2022-12-29,2022/23
287,OQ764655,H3,1,2280,2022-12-29,2022/23
288,OQ764654,H3,6,1410,2022-12-13,2022/23
289,OQ764653,H3,8,838,2022-12-13,2022/23
290,OQ764652,H3,7,982,2022-12-13,2022/23
291,OQ764651,H3,5,1497,2022-12-13,2022/23
292,OQ764650,H3,4,1701,2022-12-13,2022/23
293,OQ764649,H3,3,2151,2022-12-13,2022/23
294,OQ764648,H3,2,2274,2022-12-13,2022/23
295,OQ764647,H3,1,2280,2022-12-13,2022/23
296,OQ764646,H3,6,1410,2022-12-13,2022/23
297,OQ764645,H3,8,838,2022-12-13,2022/23
298,OQ764644,H3,7,982,2022-12-13,2022/23
299,OQ764643,H3,5,1497,2022-12-13,2022/23
300,OQ764642,H3,4,1701,2022-12-13,2022/23
301,OQ764641,H3,3,2151,2022-12-13,2022/23
302,OQ764640,H3,2,2274,2022-12-13,2022/23
303,OQ764639,H3,1,2280,2022-12-13,2022/23
304,OQ764638,H3,6,1410,2023-01-01,2022/23
305,OQ764637,H3,8,838,2023-01-01,2022/23
306,OQ764636,H3,7,982,2023-01-01,2022/23
307,OQ764635,H3,5,1497,2023-01-01,2022/23
308,OQ764634,H3,4,1701,2023-01-01,2022/23
309,OQ764633,H3,3,2151,2023-01-01,2022/23
310,OQ764632,H3,2,2274,2023-01-01,2022/23
311,OQ764631,H3,1,2280,2023-01-01,2022/23
312,OQ764630,H3,6,1410,2022-12-14,2022/23
313,OQ764629,H3,8,838,2022-12-14,2022/23
314,OQ764628,H3,7,982,2022-12-14,2022/23
315,OQ764627,H3,5,1497,2022-12-14,2022/23
316,OQ764626,H3,4,1701,2022-12-14,2022/23
317,OQ764625,H3,3,2151,2022-12-14,2022/23
318,OQ764624,H3,2,2274,2022-12-14,2022/23
319,OQ764623,H3,1,2280,2022-12-14,2022/23
320,OQ764622,H1,6,1410,2022-12-20,2022/23
321,OQ764621,H1,8,838,2022-12-20,2022/23
322,OQ764620,H1,7,982,2022-12-20,2022/23
323,OQ764619,H1,5,1497,2022-12-20,2022/23
324,OQ764618,H1,4,1701,2022-12-20,2022/23
325,OQ764617,H1,3,2151,2022-12-20,2022/23
326,OQ764616,H1,2,2274,2022-12-20,2022/23
327,OQ764615,H1,1,2280,2022-12-20,2022/23
328,OQ764614,H3,6,1410,2022-12-12,2022/23
329,OQ764613,H3,8,838,2022-12-12,2022/23
330,OQ764612,H3,7,982,2022-12-12,2022/23
331,OQ764611,H3,5,1497,2022-12-12,2022/23
332,OQ764610,H3,4,1701,2022-12-12,2022/23
333,OQ764609,H3,3,2151,2022-12-12,2022/23
334,OQ764608,H3,2,2274,2022-12-12,2022/23
335,OQ764607,H3,1,2280,2022-12-12,2022/23
336,OQ764606,H3,6,1410,2022-12-11,2022/23
337,OQ764605,H3,8,838,2022-12-11,2022/23
338,OQ764604,H3,7,982,2022-12-11,2022/23
339,OQ764603,H3,5,1497,2022-12-11,2022/23
340,OQ764602,H3,4,1701,2022-12-11,2022/23
341,OQ764601,H3,3,2151,2022-12-11,2022/23
342,OQ764600,H3,2,2274,2022-12-11,2022/23
343,OQ764599,H3,1,2280,2022-12-11,2022/23
344,OQ764598,H3,6,1410,2022-12-11,2022/23
345,OQ764597,H3,8,838,2022-12-11,2022/23
346,OQ764596,H3,7,982,2022-12-11,2022/23
347,OQ764595,H3,5,1497,2022-12-11,2022/23
348,OQ764594,H3,4,1701,2022-12-11,2022/23
349,OQ764593,H3,3,2151,2022-12-11,2022/23
350,OQ764592,H3,2,2274,2022-12-11,2022/23
351,OQ764591,H3,1,2280,2022-12-11,2022/23
352,OQ764590,H3,6,1410,2022-12-08,2022/23
353,OQ764589,H3,8,838,2022-12-08,2022/23
354,OQ764588,H3,7,982,2022-12-08,2022/23
355,OQ764587,H3,5,1497,2022-12-08,2022/23
356,OQ764586,H3,4,1701,2022-12-08,2022/23
357,OQ764585,H3,3,2151,2022-12-08,2022/23
358,OQ764584,H3,2,2274,2022-12-08,2022/23
359,OQ764583,H3,1,2280,2022-12-08,2022/23
360,OQ764582,H3,6,1410,2022-12-18,2022/23
361,OQ764581,H3,8,838,2022-12-18,2022/23
362,OQ764580,H3,7,982,2022-12-18,2022/23
363,OQ764579,H3,5,1497,2022-12-18,2022/23
364,OQ764578,H3,4,1701,2022-12-18,2022/23
365,OQ764577,H3,3,2151,2022-12-18,2022/23
366,OQ764576,H3,2,2274,2022-12-18,2022/23
367,OQ764575,H3,1,2280,2022-12-18,2022/23
368,OQ764574,H3,6,1410,2022-12-08,2022/23
369,OQ764573,H3,8,838,2022-12-08,2022/23
370,OQ764572,H3,7,982,2022-12-08,2022/23
371,OQ764571,H3,5,1497,2022-12-08,2022/23
372,OQ764570,H3,4,1701,2022-12-08,2022/23
373,OQ764569,H3,3,2151,2022-12-08,2022/23
374,OQ764568,H3,2,2274,2022-12-08,2022/23
375,OQ764567,H3,1,2277,2022-12-08,2022/23
376,OQ764566,H3,6,1410,2022-12-06,2022/23
377,OQ764565,H3,8,838,2022-12-06,2022/23
378,OQ764564,H3,7,982,2022-12-06,2022/23
379,OQ764563,H3,5,1497,2022-12-06,2022/23
380,OQ764562,H3,4,1701,2022-12-06,2022/23
381,OQ764561,H3,3,2151,2022-12-06,2022/23
382,OQ764560,H3,2,2274,2022-12-06,2022/23
383,OQ764559,H3,1,2280,2022-12-06,2022/23
384,OQ764558,H1,6,1410,2022-12-05,2022/23
385,OQ764557,H1,8,838,2022-12-05,2022/23
386,OQ764556,H1,7,982,2022-12-05,2022/23
387,OQ764555,H1,5,1497,2022-12-05,2022/23
388,OQ764554,H1,4,1701,2022-12-05,2022/23
389,OQ764553,H1,3,2151,2022-12-05,2022/23
390,OQ764552,H1,2,2274,2022-12-05,2022/23
391,OQ764551,H1,1,2280,2022-12-05,2022/23
392,OQ764550,H3,6,1410,2022-12-05,2022/23
393,OQ764549,H3,8,838,2022-12-05,2022/23
394,OQ764548,H3,7,982,2022-12-05,2022/23
395,OQ764547,H3,5,1497,2022-12-05,2022/23
396,OQ764546,H3,4,1701,2022-12-05,2022/23
397,OQ764545,H3,3,2151,2022-12-05,2022/23
398,OQ764544,H3,2,2274,2022-12-05,2022/23
399,OQ764543,H3,1,2280,2022-12-05,2022/23
400,OQ764542,H1,6,1410,2022-12-18,2022/23
401,OQ764541,H1,8,838,2022-12-18,2022/23
402,OQ764540,H1,7,982,2022-12-18,2022/23
403,OQ764539,H1,5,1497,2022-12-18,2022/23
404,OQ764538,H1,4,1701,2022-12-18,2022/23
405,OQ764537,H1,3,2151,2022-12-18,2022/23
406,OQ764536,H1,2,2274,2022-12-18,2022/23
407,OQ764535,H1,1,2280,2022-12-18,2022/23
408,OQ764534,H1,6,1410,2022-12-02,2022/23
409,OQ764533,H1,8,838,2022-12-02,2022/23
410,OQ764532,H1,7,982,2022-12-02,2022/23
411,OQ764531,H1,5,1497,2022-12-02,2022/23
412,OQ764530,H1,4,1701,2022-12-02,2022/23
413,OQ764529,H1,3,2151,2022-12-02,2022/23
414,OQ764528,H1,2,2274,2022-12-02,2022/23
415,OQ764527,H1,1,2280,2022-12-02,2022/23
416,OQ764526,H3,6,1410,2022-12-02,2022/23
417,OQ764525,H3,8,838,2022-12-02,2022/23
418,OQ764524,H3,7,982,2022-12-02,2022/23
419,OQ764523,H3,5,1497,2022-12-02,2022/23
420,OQ764522,H3,4,1701,2022-12-02,2022/23
421,OQ764521,H3,3,2151,2022-12-02,2022/23
422,OQ764520,H3,2,2274,2022-12-02,2022/23
423,OQ764519,H3,1,2280,2022-12-02,2022/23
424,OQ764518,H1,6,1410,2022-12-16,2022/23
425,OQ764517,H1,8,838,2022-12-16,2022/23
426,OQ764516,H1,7,982,2022-12-16,2022/23
427,OQ764515,H1,5,1497,2022-12-16,2022/23
428,OQ764514,H1,4,1701,2022-12-16,2022/23
429,OQ764513,H1,3,2151,2022-12-16,2022/23
430,OQ764512,H1,2,2274,2022-12-16,2022/23
431,OQ764511,H1,1,2280,2022-12-16,2022/23
432,OQ764510,H3,6,1410,2022-12-14,2022/23
433,OQ764509,H3,8,838,2022-12-14,2022/23
434,OQ764508,H3,7,982,2022-12-14,2022/23
435,OQ764507,H3,5,1497,2022-12-14,2022/23
436,OQ764506,H3,4,1701,2022-12-14,2022/23
437,OQ764505,H3,3,2151,2022-12-14,2022/23
438,OQ764504,H3,2,2274,2022-12-14,2022/23
439,OQ764503,H3,1,2280,2022-12-14,2022/23
440,OQ764502,H1,6,1410,2022-12-14,2022/23
441,OQ764501,H1,8,838,2022-12-14,2022/23
442,OQ764500,H1,7,982,2022-12-14,2022/23
443,OQ764499,H1,5,1497,2022-12-14,2022/23
444,OQ764498,H1,4,1701,2022-12-14,2022/23
445,OQ764497,H1,3,2151,2022-12-14,2022/23
446,OQ764496,H1,2,2274,2022-12-14,2022/23
447,OQ764495,H1,1,2280,2022-12-14,2022/23
448,OQ764494,H3,6,1410,2022-12-21,2022/23
449,OQ764493,H3,8,838,2022-12-21,2022/23
450,OQ764492,H3,7,982,2022-12-21,2022/23
451,OQ764491,H3,5,1497,2022-12-21,2022/23
452,OQ764490,H3,4,1701,2022-12-21,2022/23
453,OQ764489,H3,3,2151,2022-12-21,2022/23
454,OQ764488,H3,2,2274,2022-12-21,2022/23
455,OQ764487,H3,1,2280,2022-12-21,2022/23
456,OQ764486,H1,6,1410,2022-12-17,2022/23
457,OQ764485,H1,8,838,2022-12-17,2022/23
458,OQ764484,H1,7,982,2022-12-17,2022/23
459,OQ764483,H1,5,1497,2022-12-17,2022/23
460,OQ764482,H1,4,1701,2022-12-17,2022/23
461,OQ764481,H1,3,2151,2022-12-17,2022/23
462,OQ764480,H1,2,2274,2022-12-17,2022/23
463,OQ764479,H1,1,2280,2022-12-17,2022/23
464,OQ764478,H3,6,1410,2022-12-21,2022/23
465,OQ764477,H3,8,838,2022-12-21,2022/23
466,OQ764476,H3,7,982,2022-12-21,2022/23
467,OQ764475,H3,5,1497,2022-12-21,2022/23
468,OQ764474,H3,4,1701,2022-12-21,2022/23
469,OQ764473,H3,3,2151,2022-12-21,2022/23
470,OQ764472,H3,2,2274,2022-12-21,2022/23
471,OQ764471,H3,1,2280,2022-12-21,2022/23
472,OQ764470,H1,6,1410,2022-12-19,2022/23
473,OQ764469,H1,8,838,2022-12-19,2022/23
474,OQ764468,H1,7,982,2022-12-19,2022/23
475,OQ764467,H1,5,1497,2022-12-19,2022/23
476,OQ764466,H1,4,1701,2022-12-19,2022/23
477,OQ764465,H1,3,2151,2022-12-19,2022/23
478,OQ764464,H1,2,2274,2022-12-19,2022/23
479,OQ764463,H1,1,2280,2022-12-19,2022/23
480,OQ764462,H3,6,1410,2022-12-20,2022/23
481,OQ764461,H3,8,838,2022-12-20,2022/23
482,OQ764460,H3,7,982,2022-12-20,2022/23
483,OQ764459,H3,5,1497,2022-12-20,2022/23
484,OQ764458,H3,4,1701,2022-12-20,2022/23
485,OQ764457,H3,3,2151,2022-12-20,2022/23
486,OQ764456,H3,2,2274,2022-12-20,2022/23
487,OQ764455,H3,1,2280,2022-12-20,2022/23
488,OQ764454,H3,6,1410,2022-12-16,2022/23
489,OQ764453,H3,8,838,2022-12-16,2022/23
490,OQ764452,H3,7,982,2022-12-16,2022/23
491,OQ764451,H3,5,1497,2022-12-16,2022/23
492,OQ764450,H3,4,1701,2022-12-16,2022/23
493,OQ764449,H3,3,2151,2022-12-16,2022/23
494,OQ764448,H3,2,2274,2022-12-16,2022/23
495,OQ764447,H3,1,2280,2022-12-16,2022/23
496,OQ764446,H3,6,1410,2022-12-15,2022/23
497,OQ764445,H3,8,838,2022-12-15,2022/23
498,OQ764444,H3,7,982,2022-12-15,2022/23
499,OQ764443,H3,5,1497,2022-12-15,2022/23
500,OQ764442,H3,4,1701,2022-12-15,2022/23
501,OQ764441,H3,3,2151,2022-12-15,2022/23
502,OQ764440,H3,2,2274,2022-12-15,2022/23
503,OQ764439,H3,1,2280,2022-12-15,2022/23
504,OQ764438,H1,6,1410,2022-12-16,2022/23
505,OQ764437,H1,8,838,2022-12-16,2022/23
506,OQ764436,H1,7,982,2022-12-16,2022/23
507,OQ764435,H1,5,1497,2022-12-16,2022/23
508,OQ764434,H1,4,1701,2022-12-16,2022/23
509,OQ764433,H1,3,2151,2022-12-16,2022/23
510,OQ764432,H1,2,2274,2022-12-16,2022/23
511,OQ764431,H1,1,2280,2022-12-16,2022/23
512,OQ764430,H3,6,1410,2022-12-16,2022/23
513,OQ764429,H3,8,838,2022-12-16,2022/23
514,OQ764428,H3,7,982,2022-12-16,2022/23
515,OQ764427,H3,5,1497,2022-12-16,2022/23
516,OQ764426,H3,4,1701,2022-12-16,2022/23
517,OQ764425,H3,3,2151,2022-12-16,2022/23
518,OQ764424,H3,2,2274,2022-12-16,2022/23
519,OQ764423,H3,1,2280,2022-12-16,2022/23
520,OQ764422,H3,6,1410,2022-12-16,2022/23
521,OQ764421,H3,8,838,2022-12-16,2022/23
522,OQ764420,H3,7,982,2022-12-16,2022/23
523,OQ764419,H3,5,1497,2022-12-16,2022/23
524,OQ764418,H3,4,1701,2022-12-16,2022/23
525,OQ764417,H3,3,2151,2022-12-16,2022/23
526,OQ764416,H3,2,2274,2022-12-16,2022/23
527,OQ764415,H3,1,2280,2022-12-16,2022/23
528,OQ764414,H3,6,1410,2022-12-15,2022/23
529,OQ764413,H3,8,838,2022-12-15,2022/23
530,OQ764412,H3,7,982,2022-12-15,2022/23
531,OQ764411,H3,5,1497,2022-12-15,2022/23
532,OQ764410,H3,4,1701,2022-12-15,2022/23
533,OQ764409,H3,3,2151,2022-12-15,2022/23
534,OQ764408,H3,2,2274,2022-12-15,2022/23
535,OQ764407,H3,1,2280,2022-12-15,2022/23
536,OQ764406,H3,6,1410,2022-12-15,2022/23
537,OQ764405,H3,8,838,2022-12-15,2022/23
538,OQ764404,H3,7,982,2022-12-15,2022/23
539,OQ764403,H3,5,1497,2022-12-15,2022/23
540,OQ764402,H3,4,1701,2022-12-15,2022/23
541,OQ764401,H3,3,2151,2022-12-15,2022/23
542,OQ764400,H3,2,2274,2022-12-15,2022/23
543,OQ764399,H3,1,2280,2022-12-15,2022/23
544,OQ764398,H3,6,1410,2022-12-15,2022/23
545,OQ764397,H3,8,838,2022-12-15,2022/23
546,OQ764396,H3,7,982,2022-12-15,2022/23
547,OQ764395,H3,5,1497,2022-12-15,2022/23
548,OQ764394,H3,4,1701,2022-12-15,2022/23
549,OQ764393,H3,3,2151,2022-12-15,2022/23
550,OQ764392,H3,2,2274,2022-12-15,2022/23
551,OQ764391,H3,1,2280,2022-12-15,2022/23
552,OQ764390,H1,6,1410,2022-12-25,2022/23
553,OQ764389,H1,8,838,2022-12-25,2022/23
554,OQ764388,H1,7,982,2022-12-25,2022/23
555,OQ764387,H1,5,1497,2022-12-25,2022/23
556,OQ764386,H1,4,1701,2022-12-25,2022/23
557,OQ764385,H1,3,2151,2022-12-25,2022/23
558,OQ764384,H1,2,2274,2022-12-25,2022/23
559,OQ764383,H1,1,2280,2022-12-25,2022/23
560,OQ764382,H1,6,1410,2022-12-25,2022/23
561,OQ764381,H1,8,838,2022-12-25,2022/23
562,OQ764380,H1,7,982,2022-12-25,2022/23
563,OQ764379,H1,5,1497,2022-12-25,2022/23
564,OQ764378,H1,4,1701,2022-12-25,2022/23
565,OQ764377,H1,3,2151,2022-12-25,2022/23
566,OQ764376,H1,2,2274,2022-12-25,2022/23
567,OQ764375,H1,1,2280,2022-12-25,2022/23
568,OQ764374,H1,6,1410,2022-12-25,2022/23
569,OQ764373,H1,8,838,2022-12-25,2022/23
570,OQ764372,H1,7,982,2022-12-25,2022/23
571,OQ764371,H1,5,1497,2022-12-25,2022/23
572,OQ764370,H1,4,1701,2022-12-25,2022/23
573,OQ764369,H1,3,2151,2022-12-25,2022/23
574,OQ764368,H1,2,2274,2022-12-25,2022/23
575,OQ764367,H1,1,2280,2022-12-25,2022/23
576,OQ764366,H3,6,1410,2022-12-20,2022/23
577,OQ764365,H3,8,838,2022-12-20,2022/23
578,OQ764364,H3,7,982,2022-12-20,2022/23
579,OQ764363,H3,5,1497,2022-12-20,2022/23
580,OQ764362,H3,4,1701,2022-12-20,2022/23
581,OQ764361,H3,3,2151,2022-12-20,2022/23
582,OQ764360,H3,2,2274,2022-12-20,2022/23
583,OQ764359,H3,1,2280,2022-12-20,2022/23
584,OQ764358,H1,6,1410,2023-01-01,2022/23
585,OQ764357,H1,8,838,2023-01-01,2022/23
586,OQ764356,H1,7,982,2023-01-01,2022/23
587,OQ764355,H1,5,1497,2023-01-01,2022/23
588,OQ764354,H1,4,1701,2023-01-01,2022/23
589,OQ764353,H1,3,2151,2023-01-01,2022/23
590,OQ764352,H1,2,2274,2023-01-01,2022/23
591,OQ764351,H1,1,2280,2023-01-01,2022/23
592,OQ764350,H1,6,1410,2022-12-31,2022/23
593,OQ764349,H1,8,838,2022-12-31,2022/23
594,OQ764348,H1,7,982,2022-12-31,2022/23
595,OQ764347,H1,5,1497,2022-12-31,2022/23
596,OQ764346,H1,4,1701,2022-12-31,2022/23
597,OQ764345,H1,3,2151,2022-12-31,2022/23
598,OQ764344,H1,2,2274,2022-12-31,2022/23
599,OQ764343,H1,1,2280,2022-12-31,2022/23
600,OQ764342,H1,6,1410,2022-12-24,2022/23
601,OQ764341,H1,8,838,2022-12-24,2022/23
602,OQ764340,H1,7,982,2022-12-24,2022/23
603,OQ764339,H1,5,1497,2022-12-24,2022/23
604,OQ764338,H1,4,1701,2022-12-24,2022/23
605,OQ764337,H1,3,2151,2022-12-24,2022/23
606,OQ764336,H1,2,2274,2022-12-24,2022/23
607,OQ764335,H1,1,2280,2022-12-24,2022/23
608,OQ764334,H1,6,1410,2022-12-20,2022/23
609,OQ764333,H1,8,838,2022-12-20,2022/23
610,OQ764332,H1,7,982,2022-12-20,2022/23
611,OQ764331,H1,5,1497,2022-12-20,2022/23
612,OQ764330,H1,4,1701,2022-12-20,2022/23
613,OQ764329,H1,3,2151,2022-12-20,2022/23
614,OQ764328,H1,2,2274,2022-12-20,2022/23
615,OQ764327,H1,1,2280,2022-12-20,2022/23
616,OQ764326,H1,6,1410,2022-12-25,2022/23
617,OQ764325,H1,8,838,2022-12-25,2022/23
618,OQ764324,H1,7,982,2022-12-25,2022/23
619,OQ764323,H1,5,1497,2022-12-25,2022/23
620,OQ764322,H1,4,1701,2022-12-25,2022/23
621,OQ764321,H1,3,2151,2022-12-25,2022/23
622,OQ764320,H1,2,2274,2022-12-25,2022/23
623,OQ764319,H1,1,2280,2022-12-25,2022/23
624,OQ764318,H1,6,1410,2022-12-20,2022/23
625,OQ764317,H1,8,838,2022-12-20,2022/23
626,OQ764316,H1,7,982,2022-12-20,2022/23
627,OQ764315,H1,5,1497,2022-12-20,2022/23
628,OQ764314,H1,4,1701,2022-12-20,2022/23
629,OQ764313,H1,3,2151,2022-12-20,2022/23
630,OQ764312,H1,2,2274,2022-12-20,2022/23
631,OQ764311,H1,1,2280,2022-12-20,2022/23
632,OQ764310,H1,6,1410,2022-12-20,2022/23
633,OQ764309,H1,8,838,2022-12-20,2022/23
634,OQ764308,H1,7,982,2022-12-20,2022/23
635,OQ764307,H1,5,1497,2022-12-20,2022/23
636,OQ764306,H1,4,1701,2022-12-20,2022/23
637,OQ764305,H1,3,2151,2022-12-20,2022/23
638,OQ764304,H1,2,2274,2022-12-20,2022/23
639,OQ764303,H1,1,2280,2022-12-20,2022/23
640,OQ764302,H3,6,1410,2022-12-23,2022/23
641,OQ764301,H3,8,838,2022-12-23,2022/23
642,OQ764300,H3,7,982,2022-12-23,2022/23
643,OQ764299,H3,5,1497,2022-12-23,2022/23
644,OQ764298,H3,4,1701,2022-12-23,2022/23
645,OQ764297,H3,3,2151,2022-12-23,2022/23
646,OQ764296,H3,2,2274,2022-12-23,2022/23
647,OQ764295,H3,1,2280,2022-12-23,2022/23
648,OQ764294,H3,6,1410,2022-12-19,2022/23
649,OQ764293,H3,8,838,2022-12-19,2022/23
650,OQ764292,H3,7,982,2022-12-19,2022/23
651,OQ764291,H3,5,1497,2022-12-19,2022/23
652,OQ764290,H3,4,1701,2022-12-19,2022/23
653,OQ764289,H3,3,2151,2022-12-19,2022/23
654,OQ764288,H3,2,2274,2022-12-19,2022/23
655,OQ764287,H3,1,2280,2022-12-19,2022/23
656,OQ764286,H3,6,1410,2023-01-20,2022/23
657,OQ764285,H3,8,838,2023-01-20,2022/23
658,OQ764284,H3,7,982,2023-01-20,2022/23
659,OQ764283,H3,5,1497,2023-01-20,2022/23
660,OQ764282,H3,4,1701,2023-01-20,2022/23
661,OQ764281,H3,3,2151,2023-01-20,2022/23
662,OQ764280,H3,2,2274,2023-01-20,2022/23
663,OQ764279,H3,1,2280,2023-01-20,2022/23
664,OQ764278,H3,6,1410,2023-01-09,2022/23
665,OQ764277,H3,8,838,2023-01-09,2022/23
666,OQ764276,H3,7,982,2023-01-09,2022/23
667,OQ764275,H3,5,1497,2023-01-09,2022/23
668,OQ764274,H3,4,1701,2023-01-09,2022/23
669,OQ764273,H3,3,2151,2023-01-09,2022/23
670,OQ764272,H3,2,2274,2023-01-09,2022/23
671,OQ764271,H3,1,2280,2023-01-09,2022/23
672,OQ764270,H3,6,1410,2022-12-31,2022/23
673,OQ764269,H3,8,838,2022-12-31,2022/23
674,OQ764268,H3,7,982,2022-12-31,2022/23
675,OQ764267,H3,5,1497,2022-12-31,2022/23
676,OQ764266,H3,4,1701,2022-12-31,2022/23
677,OQ764265,H3,3,2151,2022-12-31,2022/23
678,OQ764264,H3,2,2274,2022-12-31,2022/23
679,OQ764263,H3,1,2280,2022-12-31,2022/23
680,OQ764262,H3,6,1410,2022-12-27,2022/23
681,OQ764261,H3,8,838,2022-12-27,2022/23
682,OQ764260,H3,7,982,2022-12-27,2022/23
683,OQ764259,H3,5,1497,2022-12-27,2022/23
684,OQ764258,H3,4,1701,2022-12-27,2022/23
685,OQ764257,H3,3,2151,2022-12-27,2022/23
686,OQ764256,H3,2,2274,2022-12-27,2022/23
687,OQ764255,H3,1,2280,2022-12-27,2022/23
688,OQ764254,H3,6,1410,2022-12-18,2022/23
689,OQ764253,H3,8,838,2022-12-18,2022/23
690,OQ764252,H3,7,982,2022-12-18,2022/23
691,OQ764251,H3,5,1497,2022-12-18,2022/23
692,OQ764250,H3,4,1701,2022-12-18,2022/23
693,OQ764249,H3,3,2151,2022-12-18,2022/23
694,OQ764248,H3,2,2274,2022-12-18,2022/23
695,OQ764247,H3,1,2280,2022-12-18,2022/23
696,OQ764242,H3,6,1410,2022-12-11,2022/23
697,OQ764241,H3,6,1410,2022-12-09,2022/23
698,OQ764240,H3,6,1410,2022-12-08,2022/23
699,OQ764237,H3,6,1410,2022-12-05,2022/23
700,OQ764236,H3,6,1410,2022-12-04,2022/23
701,OQ764235,H3,8,838,2022-12-11,2022/23
702,OQ764234,H3,8,838,2022-12-09,2022/23
703,OQ764233,H3,8,838,2022-12-08,2022/23
704,OQ764231,H3,8,838,2022-12-05,2022/23
705,OQ764230,H3,8,838,2022-12-04,2022/23
706,OQ764225,H3,7,982,2022-12-11,2022/23
707,OQ764223,H3,7,982,2022-12-09,2022/23
708,OQ764222,H3,7,982,2022-12-08,2022/23
709,OQ764219,H3,7,982,2022-12-05,2022/23
710,OQ764218,H3,7,982,2022-12-04,2022/23
711,OQ764213,H3,5,1497,2022-12-11,2022/23
712,OQ764212,H3,5,1497,2022-12-09,2022/23
713,OQ764211,H3,5,1497,2022-12-08,2022/23
714,OQ764209,H3,5,1497,2022-12-05,2022/23
715,OQ764208,H3,5,1497,2022-12-04,2022/23
716,OQ764203,H3,4,1701,2022-12-11,2022/23
717,OQ764202,H3,4,1701,2022-12-09,2022/23
718,OQ764201,H3,4,1701,2022-12-08,2022/23
719,OQ764198,H3,4,1701,2022-12-05,2022/23
720,OQ764197,H3,4,1701,2022-12-04,2022/23
721,OQ764192,H3,3,2151,2022-12-11,2022/23
722,OQ764191,H3,3,2151,2022-12-09,2022/23
723,OQ764190,H3,3,2151,2022-12-08,2022/23
724,OQ764188,H3,3,2151,2022-12-05,2022/23
725,OQ764187,H3,3,2151,2022-12-04,2022/23
726,OQ764183,H3,2,2151,2022-12-11,2022/23
727,OQ764182,H3,2,2274,2022-12-09,2022/23
728,OQ764181,H3,2,2274,2022-12-08,2022/23
729,OQ764178,H3,2,2274,2022-12-05,2022/23
730,OQ764177,H3,2,2274,2022-12-04,2022/23
731,OQ764176,H3,1,2280,2022-12-11,2022/23
732,OQ764175,H3,1,2280,2022-12-09,2022/23
733,OQ764174,H3,1,2280,2022-12-08,2022/23
734,OQ764172,H3,1,2280,2022-12-05,2022/23
735,OQ764171,H3,1,2280,2022-12-04,2022/23
736,OQ764165,H3,6,1410,2022-12-04,2022/23
737,OQ764163,H3,6,1410,2022-12-14,2022/23
738,OQ764161,H3,8,838,2022-12-04,2022/23
739,OQ764160,H3,8,838,2022-12-14,2022/23
740,OQ764156,H3,7,982,2022-12-04,2022/23
741,OQ764154,H3,7,982,2022-12-14,2022/23
742,OQ764149,H3,5,1497,2022-12-04,2022/23
743,OQ764148,H3,5,1497,2022-12-14,2022/23
744,OQ764146,H3,4,1701,2022-12-04,2022/23
745,OQ764144,H3,4,1701,2022-12-14,2022/23
746,OQ764140,H3,3,2151,2022-12-04,2022/23
747,OQ764138,H3,3,2151,2022-12-14,2022/23
748,OQ764134,H3,2,2274,2022-12-04,2022/23
749,OQ764132,H3,2,2274,2022-12-14,2022/23
750,OQ764130,H3,1,2280,2022-12-04,2022/23
751,OQ764128,H3,1,2280,2022-12-14,2022/23
752,OQ764122,H3,6,1410,2022-12-15,2022/23
753,OQ764121,H3,8,838,2022-12-15,2022/23
754,OQ764118,H3,7,982,2022-12-15,2022/23
755,OQ764115,H3,5,1497,2022-12-15,2022/23
756,OQ764113,H3,4,1701,2022-12-15,2022/23
757,OQ764110,H3,3,2151,2022-12-15,2022/23
758,OQ764108,H3,2,2274,2022-12-15,2022/23
759,OQ764107,H3,1,2280,2022-12-15,2022/23
760,OQ764104,H1,6,1410,2022-12-26,2022/23
761,OQ764103,H3,6,1410,2023-01-01,2022/23
762,OQ764102,H3,6,1410,2023-01-01,2022/23
763,OQ764101,H3,6,1410,2022-12-29,2022/23
764,OQ764100,H3,8,838,2023-01-01,2022/23
765,OQ764099,H3,8,838,2023-01-01,2022/23
766,OQ764098,H3,8,838,2022-12-29,2022/23
767,OQ764097,H1,8,838,2022-12-26,2022/23
768,OQ764096,H3,7,982,2023-01-01,2022/23
769,OQ764095,H3,7,982,2023-01-01,2022/23
770,OQ764094,H3,7,982,2022-12-29,2022/23
771,OQ764093,H1,7,982,2022-12-26,2022/23
772,OQ764092,H3,5,1497,2023-01-01,2022/23
773,OQ764091,H3,5,1497,2023-01-01,2022/23
774,OQ764090,H3,5,1497,2022-12-29,2022/23
775,OQ764089,H1,5,1497,2022-12-26,2022/23
776,OQ764088,H3,4,1701,2023-01-01,2022/23
777,OQ764087,H3,4,1701,2023-01-01,2022/23
778,OQ764086,H3,4,1701,2022-12-29,2022/23
779,OQ764085,H1,4,1701,2022-12-26,2022/23
780,OQ764084,H3,3,2151,2023-01-01,2022/23
781,OQ764083,H3,3,2151,2023-01-01,2022/23
782,OQ764082,H3,3,2151,2022-12-29,2022/23
783,OQ764081,H1,3,1928,2022-12-26,2022/23
784,OQ764080,H3,2,2274,2023-01-01,2022/23
785,OQ764079,H3,2,2274,2023-01-01,2022/23
786,OQ764078,H3,2,2274,2022-12-29,2022/23
787,OQ764077,H1,2,2274,2022-12-26,2022/23
788,OQ764076,H3,1,2280,2023-01-01,2022/23
789,OQ764075,H3,1,2280,2023-01-01,2022/23
790,OQ764074,H3,1,2280,2022-12-29,2022/23
791,OQ764073,H1,1,2280,2022-12-26,2022/23
792,OQ764068,H1,6,1410,2022-12-25,2022/23
793,OQ764066,H1,8,838,2022-12-25,2022/23
794,OQ764065,H1,7,982,2022-12-25,2022/23
795,OQ764064,H1,5,1497,2022-12-25,2022/23
796,OQ764063,H1,4,1701,2022-12-25,2022/23
797,OQ764062,H1,3,2151,2022-12-25,2022/23
798,OQ764061,H1,2,2244,2022-12-25,2022/23
799,OQ764060,H1,1,2280,2022-12-25,2022/23
800,OQ764056,H1,6,1410,2023-01-01,2022/23
801,OQ764055,H3,6,1410,2022-12-29,2022/23
802,OQ764054,H3,6,1410,2022-12-29,2022/23
803,OQ764053,H3,6,1410,2022-12-23,2022/23
804,OQ764052,H3,6,1410,2022-12-21,2022/23
805,OQ764051,H3,8,838,2022-12-29,2022/23
806,OQ764050,H3,8,838,2022-12-29,2022/23
807,OQ764049,H3,8,838,2022-12-23,2022/23
808,OQ764048,H3,8,838,2022-12-21,2022/23
809,OQ764044,H1,8,838,2023-01-01,2022/23
810,OQ764043,H3,7,982,2022-12-29,2022/23
811,OQ764042,H3,7,982,2022-12-29,2022/23
812,OQ764041,H3,7,982,2022-12-23,2022/23
813,OQ764040,H3,7,982,2022-12-21,2022/23
814,OQ764036,H1,7,982,2023-01-01,2022/23
815,OQ764035,H3,5,1497,2022-12-29,2022/23
816,OQ764034,H3,5,1497,2022-12-29,2022/23
817,OQ764033,H3,5,1497,2022-12-23,2022/23
818,OQ764032,H3,5,1497,2022-12-21,2022/23
819,OQ764029,H1,5,1497,2023-01-01,2022/23
820,OQ764028,H3,4,1701,2022-12-29,2022/23
821,OQ764027,H3,4,1701,2022-12-29,2022/23
822,OQ764026,H3,4,1701,2022-12-23,2022/23
823,OQ764025,H3,4,1701,2022-12-21,2022/23
824,OQ764021,H1,4,1701,2023-01-01,2022/23
825,OQ764020,H3,3,2142,2022-12-29,2022/23
826,OQ764019,H3,3,2151,2022-12-29,2022/23
827,OQ764018,H3,3,2151,2022-12-23,2022/23
828,OQ764017,H3,3,2151,2022-12-21,2022/23
829,OQ764014,H1,3,2151,2023-01-01,2022/23
830,OQ764013,H3,2,2201,2022-12-29,2022/23
831,OQ764012,H3,2,2274,2022-12-29,2022/23
832,OQ764011,H3,2,2274,2022-12-23,2022/23
833,OQ764010,H3,2,2274,2022-12-21,2022/23
834,OQ764009,H1,2,2105,2023-01-01,2022/23
835,OQ764008,H3,1,2279,2022-12-29,2022/23
836,OQ764007,H3,1,2280,2022-12-29,2022/23
837,OQ764006,H3,1,2280,2022-12-23,2022/23
838,OQ764005,H3,1,2280,2022-12-21,2022/23
839,OQ764002,H1,1,2280,2023-01-01,2022/23
840,OQ763999,H1,6,1410,2022-12-26,2022/23
841,OQ763997,H1,6,1410,2022-12-24,2022/23
842,OQ763994,H1,8,838,2022-12-26,2022/23
843,OQ763992,H1,8,838,2022-12-24,2022/23
844,OQ763987,H1,7,982,2022-12-26,2022/23
845,OQ763985,H1,7,982,2022-12-24,2022/23
846,OQ763982,H1,5,1464,2022-12-26,2022/23
847,OQ763981,H1,5,1497,2022-12-24,2022/23
848,OQ763977,H1,4,1701,2022-12-26,2022/23
849,OQ763975,H1,4,1701,2022-12-24,2022/23
850,OQ763972,H1,3,2151,2022-12-26,2022/23
851,OQ763971,H1,3,2151,2022-12-24,2022/23
852,OQ763968,H1,2,2274,2022-12-26,2022/23
853,OQ763967,H1,2,2273,2022-12-24,2022/23
854,OQ763964,H1,1,2280,2022-12-26,2022/23
855,OQ763962,H1,1,2280,2022-12-24,2022/23
856,OQ763961,H3,6,1410,2023-01-01,2022/23
857,OQ763960,H3,6,1410,2022-12-14,2022/23
858,OQ763958,H3,6,1410,2022-12-13,2022/23
859,OQ763957,H3,6,1410,2022-12-25,2022/23
860,OQ763956,H3,6,1410,2022-12-26,2022/23
861,OQ763955,H3,6,1410,2022-12-25,2022/23
862,OQ763954,H3,8,838,2023-01-01,2022/23
863,OQ763953,H3,8,838,2022-12-14,2022/23
864,OQ763951,H3,8,838,2022-12-13,2022/23
865,OQ763950,H3,8,838,2022-12-25,2022/23
866,OQ763949,H3,8,838,2022-12-26,2022/23
867,OQ763948,H3,8,838,2022-12-25,2022/23
868,OQ763947,H3,7,982,2023-01-01,2022/23
869,OQ763946,H3,7,982,2022-12-14,2022/23
870,OQ763944,H3,7,982,2022-12-13,2022/23
871,OQ763943,H3,7,982,2022-12-25,2022/23
872,OQ763942,H3,7,982,2022-12-26,2022/23
873,OQ763940,H3,7,982,2022-12-25,2022/23
874,OQ763939,H3,5,1497,2023-01-01,2022/23
875,OQ763938,H3,5,1497,2022-12-14,2022/23
876,OQ763936,H3,5,1497,2022-12-13,2022/23
877,OQ763935,H3,5,1497,2022-12-25,2022/23
878,OQ763934,H3,5,1497,2022-12-26,2022/23
879,OQ763933,H3,5,1497,2022-12-25,2022/23
880,OQ763932,H3,4,1701,2023-01-01,2022/23
881,OQ763931,H3,4,1701,2022-12-14,2022/23
882,OQ763929,H3,4,1701,2022-12-13,2022/23
883,OQ763928,H3,4,1701,2022-12-25,2022/23
884,OQ763927,H3,4,1701,2022-12-26,2022/23
885,OQ763925,H3,4,1701,2022-12-25,2022/23
886,OQ763924,H3,3,2151,2023-01-01,2022/23
887,OQ763923,H3,3,2151,2022-12-14,2022/23
888,OQ763922,H3,3,2151,2022-12-13,2022/23
889,OQ763921,H3,3,2151,2022-12-25,2022/23
890,OQ763920,H3,3,2151,2022-12-26,2022/23
891,OQ763919,H3,3,2151,2022-12-25,2022/23
892,OQ763918,H3,2,2274,2023-01-01,2022/23
893,OQ763917,H3,2,2274,2022-12-14,2022/23
894,OQ763915,H3,2,2053,2022-12-13,2022/23
895,OQ763914,H3,2,2274,2022-12-25,2022/23
896,OQ763913,H3,2,2274,2022-12-26,2022/23
897,OQ763911,H3,2,2274,2022-12-25,2022/23
898,OQ763910,H3,1,2280,2023-01-01,2022/23
899,OQ763909,H3,1,2280,2022-12-14,2022/23
900,OQ763907,H3,1,2280,2022-12-13,2022/23
901,OQ763906,H3,1,2280,2022-12-25,2022/23
902,OQ763905,H3,1,2280,2022-12-26,2022/23
903,OQ763904,H3,1,2280,2022-12-25,2022/23
904,OQ763903,H1,6,1410,2022-12-23,2022/23
905,OQ763901,H1,8,838,2022-12-23,2022/23
906,OQ763899,H1,7,982,2022-12-23,2022/23
907,OQ763897,H1,5,1497,2022-12-23,2022/23
908,OQ763895,H1,4,1701,2022-12-23,2022/23
909,OQ763893,H1,3,2125,2022-12-23,2022/23
910,OQ763891,H1,2,2274,2022-12-23,2022/23
911,OQ763890,H1,1,2280,2022-12-23,2022/23
912,OQ615575,H1N1,1,2280,2023-01-19,2022/23
913,OQ615574,H1N1,2,2274,2023-01-19,2022/23
914,OQ615573,H1N1,3,2151,2023-01-19,2022/23
915,OQ615572,H1N1,8,838,2023-01-19,2022/23
916,OQ615571,H1N1,5,1497,2023-01-19,2022/23
917,OQ615570,H1N1,6,1410,2023-01-19,2022/23
918,OQ615569,H1N1,7,982,2023-01-19,2022/23
919,OQ615568,H1N1,4,1701,2023-01-19,2022/23
920,OQ317750,H1N1,1,2280,2022-12-07,2022/23
921,OQ317749,H1N1,2,2274,2022-12-07,2022/23
922,OQ317748,H1N1,3,2151,2022-12-07,2022/23
923,OQ317747,H1N1,8,838,2022-12-07,2022/23
924,OQ317746,H1N1,5,1497,2022-12-07,2022/23
925,OQ317745,H1N1,6,1410,2022-12-07,2022/23
926,OQ317744,H1N1,7,982,2022-12-07,2022/23
927,OQ317743,H1N1,4,1701,2022-12-07,2022/23
928,OQ249481,H3N2,1,2280,2022-11-15,2022/23
929,OQ249480,H3N2,2,2274,2022-11-15,2022/23
930,OQ249479,H3N2,3,2151,2022-11-15,2022/23
931,OQ249478,H3N2,8,838,2022-11-15,2022/23
932,OQ249477,H3N2,5,1497,2022-11-15,2022/23
933,OQ249476,H3N2,6,1410,2022-11-15,2022/23
934,OQ249475,H3N2,7,982,2022-11-15,2022/23
935,OQ249474,H3N2,4,1701,2022-11-15,2022/23
936,OQ240687,H3N2,1,2280,2022-10-05,2022/23
937,OQ240686,H3N2,1,2280,2022-10-12,2022/23
938,OQ240668,H3N2,2,2274,2022-10-05,2022/23
939,OQ240667,H3N2,2,2274,2022-10-12,2022/23
940,OQ240664,H3N2,3,2151,2022-10-05,2022/23
941,OQ240663,H3N2,3,2151,2022-10-12,2022/23
942,OQ240649,H3N2,8,838,2022-10-05,2022/23
943,OQ240648,H3N2,8,838,2022-10-12,2022/23
944,OQ240624,H3N2,5,1497,2022-10-05,2022/23
945,OQ240623,H3N2,5,1497,2022-10-12,2022/23
946,OQ240598,H3N2,6,1402,2022-10-05,2022/23
947,OQ240597,H3N2,6,1402,2022-10-12,2022/23
948,OQ240572,H3N2,7,982,2022-10-05,2022/23
949,OQ240571,H3N2,7,982,2022-10-12,2022/23
950,OQ240545,H3N2,4,1701,2022-10-05,2022/23
951,OQ240544,H3N2,4,1701,2022-10-12,2022/23
952,OP912876,H3N2,1,2280,2022-09-07,2022/23
953,OP912875,H3N2,2,2274,2022-09-07,2022/23
954,OP912874,H3N2,3,2151,2022-09-07,2022/23
955,OP912873,H3N2,8,838,2022-09-07,2022/23
956,OP912872,H3N2,5,1497,2022-09-07,2022/23
957,OP912871,H3N2,6,1410,2022-09-07,2022/23
958,OP912870,H3N2,7,982,2022-09-07,2022/23
959,OP912869,H3N2,4,1701,2022-09-07,2022/23
960,OP912868,H3N2,1,2280,2022-08-24,2021/22
961,OP912867,H3N2,2,2274,2022-08-24,2021/22
962,OP912866,H3N2,3,2151,2022-08-24,2021/22
963,OP912865,H3N2,8,838,2022-08-24,2021/22
964,OP912864,H3N2,5,1497,2022-08-24,2021/22
965,OP912863,H3N2,6,1410,2022-08-24,2021/22
966,OP912862,H3N2,7,982,2022-08-24,2021/22
967,OP912861,H3N2,4,1701,2022-08-24,2021/22
968,OP912860,H3N2,1,2280,2022-08-03,2021/22
969,OP912859,H3N2,2,2274,2022-08-03,2021/22
970,OP912858,H3N2,3,2151,2022-08-03,2021/22
971,OP912857,H3N2,8,838,2022-08-03,2021/22
972,OP912856,H3N2,5,1497,2022-08-03,2021/22
973,OP912855,H3N2,6,1410,2022-08-03,2021/22
974,OP912854,H3N2,7,982,2022-08-03,2021/22
975,OP912853,H3N2,4,1701,2022-08-03,2021/22
976,OP912708,H3N2,1,2280,2022-08-26,2021/22
977,OP912704,H3N2,2,2274,2022-08-26,2021/22
978,OP912702,H3N2,3,2151,2022-08-26,2021/22
979,OP912699,H3N2,8,838,2022-08-26,2021/22
980,OP912694,H3N2,5,1497,2022-08-26,2021/22
981,OP912689,H3N2,6,1410,2022-08-26,2021/22
982,OP912684,H3N2,7,982,2022-08-26,2021/22
983,OP912679,H3N2,4,1701,2022-08-26,2021/22
984,OP106348,H3N2,1,2280,2022-03-09,2021/22
985,OP106347,H3N2,2,2274,2022-03-09,2021/22
986,OP106346,H3N2,3,2151,2022-03-09,2021/22
987,OP106345,H3N2,8,838,2022-03-09,2021/22
988,OP106344,H3N2,5,1497,2022-03-09,2021/22
989,OP106343,H3N2,6,1410,2022-03-09,2021/22
990,OP106342,H3N2,7,982,2022-03-09,2021/22
991,OP106341,H3N2,4,1701,2022-03-09,2021/22
992,OP106340,H3N2,1,2280,2022-03-07,2021/22
993,OP106339,H3N2,2,2274,2022-03-07,2021/22
994,OP106338,H3N2,3,2151,2022-03-07,2021/22
995,OP106337,H3N2,8,838,2022-03-07,2021/22
996,OP106336,H3N2,5,1497,2022-03-07,2021/22
997,OP106335,H3N2,6,1410,2022-03-07,2021/22
998,OP106334,H3N2,7,982,2022-03-07,2021/22
999,OP106333,H3N2,4,1701,2022-03-07,2021/22
1000,OP106332,H3N2,1,2280,2022-02-10,2021/22
1001,OP106331,H3N2,2,2274,2022-02-10,2021/22
1002,OP106330,H3N2,3,2151,2022-02-10,2021/22
1003,OP106329,H3N2,8,838,2022-02-10,2021/22
1004,OP106328,H3N2,5,1497,2022-02-10,2021/22
1005,OP106327,H3N2,6,1410,2022-02-10,2021/22
1006,OP106326,H3N2,7,982,2022-02-10,2021/22
1007,OP106325,H3N2,4,1701,2022-02-10,2021/22
1008,OP106324,H3N2,1,2280,2022-02-15,2021/22
1009,OP106323,H3N2,2,2274,2022-02-15,2021/22
1010,OP106322,H3N2,3,2151,2022-02-15,2021/22
1011,OP106321,H3N2,8,838,2022-02-15,2021/22
1012,OP106320,H3N2,5,1497,2022-02-15,2021/22
1013,OP106319,H3N2,6,1410,2022-02-15,2021/22
1014,OP106318,H3N2,7,982,2022-02-15,2021/22
1015,OP106317,H3N2,4,1701,2022-02-15,2021/22
1016,OP106316,H3N2,1,2280,2022-02-10,2021/22
1017,OP106315,H3N2,2,2274,2022-02-10,2021/22
1018,OP106314,H3N2,3,2151,2022-02-10,2021/22
1019,OP106313,H3N2,8,838,2022-02-10,2021/22
1020,OP106312,H3N2,5,1497,2022-02-10,2021/22
1021,OP106311,H3N2,6,1410,2022-02-10,2021/22
1022,OP106310,H3N2,7,982,2022-02-10,2021/22
1023,OP106309,H3N2,4,1701,2022-02-10,2021/22
1024,OP106163,H3N2,1,2280,2022-03-03,2021/22
1025,OP106162,H3N2,1,2280,2022-03-02,2021/22
1026,OP106161,H3N2,1,2280,2022-03-01,2021/22
1027,OP106160,H3N2,1,2280,2022-03-01,2021/22
1028,OP106151,H3N2,2,2274,2022-03-03,2021/22
1029,OP106150,H3N2,2,2274,2022-03-02,2021/22
1030,OP106148,H3N2,2,2274,2022-03-01,2021/22
1031,OP106146,H3N2,2,2274,2022-03-01,2021/22
1032,OP106139,H3N2,3,2151,2022-03-03,2021/22
1033,OP106138,H3N2,3,2151,2022-03-02,2021/22
1034,OP106136,H3N2,3,2151,2022-03-01,2021/22
1035,OP106134,H3N2,3,2151,2022-03-01,2021/22
1036,OP106129,H3N2,8,838,2022-03-03,2021/22
1037,OP106128,H3N2,8,838,2022-03-02,2021/22
1038,OP106126,H3N2,8,838,2022-03-01,2021/22
1039,OP106124,H3N2,8,838,2022-03-01,2021/22
1040,OP106112,H3N2,5,1497,2022-03-03,2021/22
1041,OP106111,H3N2,5,1497,2022-03-02,2021/22
1042,OP106109,H3N2,5,1497,2022-03-01,2021/22
1043,OP106107,H3N2,5,1497,2022-03-01,2021/22
1044,OP106097,H3N2,6,1410,2022-03-03,2021/22
1045,OP106096,H3N2,6,1410,2022-03-02,2021/22
1046,OP106094,H3N2,6,1410,2022-03-01,2021/22
1047,OP106092,H3N2,6,1410,2022-03-01,2021/22
1048,OP106083,H3N2,7,982,2022-03-03,2021/22
1049,OP106082,H3N2,7,982,2022-03-02,2021/22
1050,OP106080,H3N2,7,982,2022-03-01,2021/22
1051,OP106078,H3N2,7,982,2022-03-01,2021/22
1052,OP106066,H3N2,4,1701,2022-03-03,2021/22
1053,OP106065,H3N2,4,1701,2022-03-02,2021/22
1054,OP106063,H3N2,4,1701,2022-03-01,2021/22
1055,OP106061,H3N2,4,1701,2022-03-01,2021/22
1056,OP101037,H3N2,1,2280,2022-05-18,2021/22
1057,OP101036,H3N2,2,2274,2022-05-18,2021/22
1058,OP101035,H3N2,3,2151,2022-05-18,2021/22
1059,OP101034,H3N2,8,838,2022-05-18,2021/22
1060,OP101033,H3N2,5,1497,2022-05-18,2021/22
1061,OP101032,H3N2,6,1410,2022-05-18,2021/22
1062,OP101031,H3N2,7,982,2022-05-18,2021/22
1063,OP101030,H3N2,4,1701,2022-05-18,2021/22
1064,OP101029,H3N2,1,2280,2022-05-18,2021/22
1065,OP101028,H3N2,2,2274,2022-05-18,2021/22
1066,OP101027,H3N2,3,2151,2022-05-18,2021/22
1067,OP101026,H3N2,8,838,2022-05-18,2021/22
1068,OP101025,H3N2,5,1497,2022-05-18,2021/22
1069,OP101024,H3N2,6,1410,2022-05-18,2021/22
1070,OP101023,H3N2,7,982,2022-05-18,2021/22
1071,OP101022,H3N2,4,1701,2022-05-18,2021/22
1072,OP101021,H3N2,1,2280,2022-05-17,2021/22
1073,OP101020,H3N2,2,2274,2022-05-17,2021/22
1074,OP101019,H3N2,3,2151,2022-05-17,2021/22
1075,OP101018,H3N2,8,838,2022-05-17,2021/22
1076,OP101017,H3N2,5,1497,2022-05-17,2021/22
1077,OP101016,H3N2,6,1410,2022-05-17,2021/22
1078,OP101015,H3N2,7,982,2022-05-17,2021/22
1079,OP101014,H3N2,4,1701,2022-05-17,2021/22
1080,OP101013,H3N2,1,2280,2022-05-13,2021/22
1081,OP101012,H3N2,2,2274,2022-05-13,2021/22
1082,OP101011,H3N2,3,2151,2022-05-13,2021/22
1083,OP101010,H3N2,8,838,2022-05-13,2021/22
1084,OP101009,H3N2,5,1497,2022-05-13,2021/22
1085,OP101008,H3N2,6,1410,2022-05-13,2021/22
1086,OP101007,H3N2,7,982,2022-05-13,2021/22
1087,OP101006,H3N2,4,1701,2022-05-13,2021/22
1088,OP101005,H3N2,1,2280,2022-05-13,2021/22
1089,OP101004,H3N2,2,2274,2022-05-13,2021/22
1090,OP101003,H3N2,3,2151,2022-05-13,2021/22
1091,OP101002,H3N2,8,838,2022-05-13,2021/22
1092,OP101001,H3N2,5,1497,2022-05-13,2021/22
1093,OP101000,H3N2,6,1410,2022-05-13,2021/22
1094,OP100999,H3N2,7,982,2022-05-13,2021/22
1095,OP100998,H3N2,4,1701,2022-05-13,2021/22
1096,OP100997,H3N2,1,2280,2022-05-13,2021/22
1097,OP100996,H3N2,2,2274,2022-05-13,2021/22
1098,OP100995,H3N2,3,2151,2022-05-13,2021/22
1099,OP100994,H3N2,8,838,2022-05-13,2021/22
1100,OP100993,H3N2,5,1497,2022-05-13,2021/22
1101,OP100992,H3N2,6,1410,2022-05-13,2021/22
1102,OP100991,H3N2,7,982,2022-05-13,2021/22
1103,OP100990,H3N2,4,1701,2022-05-13,2021/22
1104,OP100989,H3N2,1,2280,2022-05-11,2021/22
1105,OP100988,H3N2,2,2274,2022-05-11,2021/22
1106,OP100987,H3N2,3,2151,2022-05-11,2021/22
1107,OP100986,H3N2,8,838,2022-05-11,2021/22
1108,OP100985,H3N2,5,1497,2022-05-11,2021/22
1109,OP100984,H3N2,6,1410,2022-05-11,2021/22
1110,OP100983,H3N2,7,982,2022-05-11,2021/22
1111,OP100982,H3N2,4,1701,2022-05-11,2021/22
1112,OP100538,H3N2,1,2280,2022-05-12,2021/22
1113,OP100520,H3N2,2,2274,2022-05-12,2021/22
1114,OP100504,H3N2,3,2151,2022-05-12,2021/22
1115,OP100486,H3N2,8,838,2022-05-12,2021/22
1116,OP100454,H3N2,5,1497,2022-05-12,2021/22
1117,OP100424,H3N2,6,1410,2022-05-12,2021/22
1118,OP100395,H3N2,7,982,2022-05-12,2021/22
1119,OP100363,H3N2,4,1701,2022-05-12,2021/22
1120,MT638531,H3N2,1,2280,2019-03-21,2018/19
1121,MT638530,H3N2,2,2274,2019-03-21,2018/19
1122,MT638529,H3N2,3,2151,2019-03-21,2018/19
1123,MT638528,H3N2,8,838,2019-03-21,2018/19
1124,MT638527,H3N2,5,1497,2019-03-21,2018/19
1125,MT638526,H3N2,6,1410,2019-03-21,2018/19
1126,MT638525,H3N2,7,982,2019-03-21,2018/19
1127,MT638524,H3N2,4,1701,2019-03-21,2018/19
1128,MN245934,H1N1,1,2280,2019-05-31,2018/19
1129,MN245933,H1N1,2,2274,2019-05-31,2018/19
1130,MN245932,H1N1,3,2151,2019-05-31,2018/19
1131,MN245931,H1N1,8,838,2019-05-31,2018/19
1132,MN245930,H1N1,5,1497,2019-05-31,2018/19
1133,MN245929,H1N1,6,1410,2019-05-31,2018/19
1134,MN245928,H1N1,7,982,2019-05-31,2018/19
1135,MN245927,H1N1,4,1701,2019-05-31,2018/19
1136,MN169431,H3N2,1,2280,2019-03-15,2018/19
1137,MN169430,H3N2,2,2274,2019-03-15,2018/19
1138,MN169429,H3N2,3,2151,2019-03-15,2018/19
1139,MN169428,H3N2,8,838,2019-03-15,2018/19
1140,MN169427,H3N2,5,1497,2019-03-15,2018/19
1141,MN169426,H3N2,6,1410,2019-03-15,2018/19
1142,MN169425,H3N2,7,982,2019-03-15,2018/19
1143,MN169424,H3N2,4,1701,2019-03-15,2018/19
1144,MN154248,H3N2,1,2280,2019-04-24,2018/19
1145,MN154247,H3N2,2,2274,2019-04-24,2018/19
1146,MN154246,H3N2,3,2151,2019-04-24,2018/19
1147,MN154245,H3N2,8,838,2019-04-24,2018/19
1148,MN154244,H3N2,5,1497,2019-04-24,2018/19
1149,MN154243,H3N2,6,1410,2019-04-24,2018/19
1150,MN154242,H3N2,7,982,2019-04-24,2018/19
1151,MN154241,H3N2,4,1701,2019-04-24,2018/19
1152,MN081113,H3N2,1,2280,2019-04-22,2018/19
1153,MN081112,H3N2,2,2274,2019-04-22,2018/19
1154,MN081111,H3N2,3,2151,2019-04-22,2018/19
1155,MN081110,H3N2,8,838,2019-04-22,2018/19
1156,MN081109,H3N2,5,1497,2019-04-22,2018/19
1157,MN081108,H3N2,6,1410,2019-04-22,2018/19
1158,MN081107,H3N2,7,982,2019-04-22,2018/19
1159,MN081106,H3N2,4,1701,2019-04-22,2018/19
1160,MN081105,H1N1,1,2280,2019-04-22,2018/19
1161,MN081104,H1N1,2,2274,2019-04-22,2018/19
1162,MN081103,H1N1,3,2151,2019-04-22,2018/19
1163,MN081102,H1N1,8,838,2019-04-22,2018/19
1164,MN081101,H1N1,5,1497,2019-04-22,2018/19
1165,MN081100,H1N1,6,1410,2019-04-22,2018/19
1166,MN081099,H1N1,7,982,2019-04-22,2018/19
1167,MN081098,H1N1,4,1701,2019-04-22,2018/19
1168,MN081097,H3N2,1,2280,2019-04-18,2018/19
1169,MN081096,H3N2,2,2274,2019-04-18,2018/19
1170,MN081095,H3N2,3,2151,2019-04-18,2018/19
1171,MN081094,H3N2,8,838,2019-04-18,2018/19
1172,MN081093,H3N2,5,1497,2019-04-18,2018/19
1173,MN081092,H3N2,6,1410,2019-04-18,2018/19
1174,MN081091,H3N2,7,982,2019-04-18,2018/19
1175,MN081090,H3N2,4,1701,2019-04-18,2018/19
1176,MN081089,H3N2,1,2280,2019-04-16,2018/19
1177,MN081088,H3N2,2,2274,2019-04-16,2018/19
1178,MN081087,H3N2,3,2151,2019-04-16,2018/19
1179,MN081086,H3N2,8,838,2019-04-16,2018/19
1180,MN081085,H3N2,5,1497,2019-04-16,2018/19
1181,MN081084,H3N2,6,1410,2019-04-16,2018/19
1182,MN081083,H3N2,7,982,2019-04-16,2018/19
1183,MN081082,H3N2,4,1701,2019-04-16,2018/19
1184,MN078522,H3N2,1,2280,2019-04-16,2018/19
1185,MN078521,H3N2,2,2274,2019-04-16,2018/19
1186,MN078520,H3N2,3,2151,2019-04-16,2018/19
1187,MN078519,H3N2,8,838,2019-04-16,2018/19
1188,MN078518,H3N2,5,1497,2019-04-16,2018/19
1189,MN078517,H3N2,6,1410,2019-04-16,2018/19
1190,MN078516,H3N2,7,982,2019-04-16,2018/19
1191,MN078515,H3N2,4,1701,2019-04-16,2018/19
1192,MN078514,H3N2,1,2280,2019-04-11,2018/19
1193,MN078513,H3N2,2,2274,2019-04-11,2018/19
1194,MN078512,H3N2,3,2151,2019-04-11,2018/19
1195,MN078511,H3N2,8,838,2019-04-11,2018/19
1196,MN078510,H3N2,5,1497,2019-04-11,2018/19
1197,MN078509,H3N2,6,1410,2019-04-11,2018/19
1198,MN078508,H3N2,7,982,2019-04-11,2018/19
1199,MN078507,H3N2,4,1701,2019-04-11,2018/19
1200,MN078506,H3N2,1,2280,2019-04-10,2018/19
1201,MN078505,H3N2,2,2274,2019-04-10,2018/19
1202,MN078504,H3N2,3,2151,2019-04-10,2018/19
1203,MN078503,H3N2,8,838,2019-04-10,2018/19
1204,MN078502,H3N2,5,1497,2019-04-10,2018/19
1205,MN078501,H3N2,6,1410,2019-04-10,2018/19
1206,MN078500,H3N2,7,982,2019-04-10,2018/19
1207,MN078499,H3N2,4,1701,2019-04-10,2018/19
1208,MN074217,H1N1,1,2280,2019-04-03,2018/19
1209,MN074216,H1N1,2,2274,2019-04-03,2018/19
1210,MN074215,H1N1,3,2151,2019-04-03,2018/19
1211,MN074214,H1N1,8,838,2019-04-03,2018/19
1212,MN074213,H1N1,5,1497,2019-04-03,2018/19
1213,MN074212,H1N1,6,1410,2019-04-03,2018/19
1214,MN074211,H1N1,7,982,2019-04-03,2018/19
1215,MN074210,H1N1,4,1701,2019-04-03,2018/19
1216,MK960443,H3N2,1,2280,2019-04-01,2018/19
1217,MK960442,H3N2,2,2274,2019-04-01,2018/19
1218,MK960441,H3N2,3,2151,2019-04-01,2018/19
1219,MK960440,H3N2,8,838,2019-04-01,2018/19
1220,MK960439,H3N2,5,1497,2019-04-01,2018/19
1221,MK960438,H3N2,6,1410,2019-04-01,2018/19
1222,MK960437,H3N2,7,982,2019-04-01,2018/19
1223,MK960436,H3N2,4,1701,2019-04-01,2018/19
1224,MK960435,H3N2,1,2280,2019-03-28,2018/19
1225,MK960434,H3N2,2,2274,2019-03-28,2018/19
1226,MK960433,H3N2,3,2151,2019-03-28,2018/19
1227,MK960432,H3N2,8,838,2019-03-28,2018/19
1228,MK960431,H3N2,5,1497,2019-03-28,2018/19
1229,MK960430,H3N2,6,1410,2019-03-28,2018/19
1230,MK960429,H3N2,7,982,2019-03-28,2018/19
1231,MK960428,H3N2,4,1701,2019-03-28,2018/19
1232,MK960427,H3N2,1,2280,2019-03-26,2018/19
1233,MK960426,H3N2,2,2274,2019-03-26,2018/19
1234,MK960425,H3N2,3,2151,2019-03-26,2018/19
1235,MK960424,H3N2,8,838,2019-03-26,2018/19
1236,MK960423,H3N2,5,1497,2019-03-26,2018/19
1237,MK960422,H3N2,6,1410,2019-03-26,2018/19
1238,MK960421,H3N2,7,982,2019-03-26,2018/19
1239,MK960420,H3N2,4,1701,2019-03-26,2018/19
1240,MK927745,H3N2,1,2280,2019-02-09,2018/19
1241,MK927744,H3N2,2,2274,2019-02-09,2018/19
1242,MK927743,H3N2,3,2151,2019-02-09,2018/19
1243,MK927742,H3N2,8,838,2019-02-09,2018/19
1244,MK927741,H3N2,5,1497,2019-02-09,2018/19
1245,MK927740,H3N2,6,1410,2019-02-09,2018/19
1246,MK927739,H3N2,7,982,2019-02-09,2018/19
1247,MK927738,H3N2,4,1701,2019-02-09,2018/19
1248,MK927737,H3N2,1,2280,2019-02-08,2018/19
1249,MK927736,H3N2,2,2274,2019-02-08,2018/19
1250,MK927735,H3N2,3,2151,2019-02-08,2018/19
1251,MK927734,H3N2,8,838,2019-02-08,2018/19
1252,MK927733,H3N2,5,1497,2019-02-08,2018/19
1253,MK927732,H3N2,6,1410,2019-02-08,2018/19
1254,MK927731,H3N2,7,982,2019-02-08,2018/19
1255,MK927730,H3N2,4,1701,2019-02-08,2018/19
1256,MK927729,H3N2,1,2280,2019-02-06,2018/19
1257,MK927728,H3N2,2,2274,2019-02-06,2018/19
1258,MK927727,H3N2,3,2151,2019-02-06,2018/19
1259,MK927726,H3N2,8,838,2019-02-06,2018/19
1260,MK927725,H3N2,5,1497,2019-02-06,2018/19
1261,MK927724,H3N2,6,1410,2019-02-06,2018/19
1262,MK927723,H3N2,7,982,2019-02-06,2018/19
1263,MK927722,H3N2,4,1701,2019-02-06,2018/19
1264,MK912605,H3N2,1,2280,2019-03-12,2018/19
1265,MK912604,H3N2,2,2274,2019-03-12,2018/19
1266,MK912603,H3N2,3,2151,2019-03-12,2018/19
1267,MK912602,H3N2,8,838,2019-03-12,2018/19
1268,MK912601,H3N2,5,1497,2019-03-12,2018/19
1269,MK912600,H3N2,6,1410,2019-03-12,2018/19
1270,MK912599,H3N2,7,982,2019-03-12,2018/19
1271,MK912598,H3N2,4,1701,2019-03-12,2018/19
1272,MK912597,H3N2,1,2280,2019-03-12,2018/19
1273,MK912596,H3N2,2,2274,2019-03-12,2018/19
1274,MK912595,H3N2,3,2151,2019-03-12,2018/19
1275,MK912594,H3N2,8,838,2019-03-12,2018/19
1276,MK912593,H3N2,5,1497,2019-03-12,2018/19
1277,MK912592,H3N2,6,1410,2019-03-12,2018/19
1278,MK912591,H3N2,7,982,2019-03-12,2018/19
1279,MK912590,H3N2,4,1701,2019-03-12,2018/19
1280,MK912589,H3N2,1,2280,2019-02-28,2018/19
1281,MK912588,H3N2,2,2274,2019-02-28,2018/19
1282,MK912587,H3N2,3,2151,2019-02-28,2018/19
1283,MK912586,H3N2,8,838,2019-02-28,2018/19
1284,MK912585,H3N2,5,1497,2019-02-28,2018/19
1285,MK912584,H3N2,6,1410,2019-02-28,2018/19
1286,MK912583,H3N2,7,982,2019-02-28,2018/19
1287,MK912582,H3N2,4,1701,2019-02-28,2018/19
1288,MK912581,H1N1,1,2280,2019-02-27,2018/19
1289,MK912580,H1N1,2,2274,2019-02-27,2018/19
1290,MK912579,H1N1,3,2151,2019-02-27,2018/19
1291,MK912578,H1N1,8,838,2019-02-27,2018/19
1292,MK912577,H1N1,5,1497,2019-02-27,2018/19
1293,MK912576,H1N1,6,1410,2019-02-27,2018/19
1294,MK912575,H1N1,7,982,2019-02-27,2018/19
1295,MK912574,H1N1,4,1701,2019-02-27,2018/19
1296,MK912573,H1N1,1,2280,2019-02-20,2018/19
1297,MK912572,H1N1,2,2274,2019-02-20,2018/19
1298,MK912571,H1N1,3,2151,2019-02-20,2018/19
1299,MK912570,H1N1,8,838,2019-02-20,2018/19
1300,MK912569,H1N1,5,1497,2019-02-20,2018/19
1301,MK912568,H1N1,6,1410,2019-02-20,2018/19
1302,MK912567,H1N1,7,982,2019-02-20,2018/19
1303,MK912566,H1N1,4,1701,2019-02-20,2018/19
1304,MK869114,H3N2,1,2280,2019-01-30,2018/19
1305,MK869113,H3N2,2,2274,2019-01-30,2018/19
1306,MK869112,H3N2,3,2151,2019-01-30,2018/19
1307,MK869111,H3N2,8,838,2019-01-30,2018/19
1308,MK869110,H3N2,5,1497,2019-01-30,2018/19
1309,MK869109,H3N2,6,1410,2019-01-30,2018/19
1310,MK869108,H3N2,7,982,2019-01-30,2018/19
1311,MK869107,H3N2,4,1701,2019-01-30,2018/19
1312,MK763567,H3N2,1,2280,2019-01-29,2018/19
1313,MK763566,H3N2,2,2274,2019-01-29,2018/19
1314,MK763565,H3N2,3,2151,2019-01-29,2018/19
1315,MK763564,H3N2,8,838,2019-01-29,2018/19
1316,MK763563,H3N2,5,1497,2019-01-29,2018/19
1317,MK763562,H3N2,6,1410,2019-01-29,2018/19
1318,MK763561,H3N2,7,982,2019-01-29,2018/19
1319,MK763560,H3N2,4,1701,2019-01-29,2018/19
1320,MK743281,H3N2,1,2280,2019-01-15,2018/19
1321,MK743280,H3N2,2,2274,2019-01-15,2018/19
1322,MK743279,H3N2,3,2151,2019-01-15,2018/19
1323,MK743278,H3N2,8,838,2019-01-15,2018/19
1324,MK743277,H3N2,5,1497,2019-01-15,2018/19
1325,MK743276,H3N2,6,1410,2019-01-15,2018/19
1326,MK743275,H3N2,7,982,2019-01-15,2018/19
1327,MK743274,H3N2,4,1701,2019-01-15,2018/19
1328,MK743273,H1N1,1,2280,2019-01-12,2018/19
1329,MK743272,H1N1,2,2274,2019-01-12,2018/19
1330,MK743271,H1N1,3,2151,2019-01-12,2018/19
1331,MK743270,H1N1,8,838,2019-01-12,2018/19
1332,MK743269,H1N1,5,1497,2019-01-12,2018/19
1333,MK743268,H1N1,6,1410,2019-01-12,2018/19
1334,MK743267,H1N1,7,982,2019-01-12,2018/19
1335,MK743266,H1N1,4,1701,2019-01-12,2018/19
1336,MK743265,H1N1,1,2280,2019-01-11,2018/19
1337,MK743264,H1N1,2,2274,2019-01-11,2018/19
1338,MK743263,H1N1,3,2151,2019-01-11,2018/19
1339,MK743262,H1N1,8,838,2019-01-11,2018/19
1340,MK743261,H1N1,5,1497,2019-01-11,2018/19
1341,MK743260,H1N1,6,1410,2019-01-11,2018/19
1342,MK743259,H1N1,7,982,2019-01-11,2018/19
1343,MK743258,H1N1,4,1701,2019-01-11,2018/19
1344,MK743257,H3N2,1,2280,2019-01-11,2018/19
1345,MK743256,H3N2,2,2274,2019-01-11,2018/19
1346,MK743255,H3N2,3,2151,2019-01-11,2018/19
1347,MK743254,H3N2,8,838,2019-01-11,2018/19
1348,MK743253,H3N2,5,1497,2019-01-11,2018/19
1349,MK743252,H3N2,6,1410,2019-01-11,2018/19
1350,MK743251,H3N2,7,982,2019-01-11,2018/19
1351,MK743250,H3N2,4,1701,2019-01-11,2018/19
1352,MK743249,H3N2,1,2280,2019-01-10,2018/19
1353,MK743248,H3N2,2,2274,2019-01-10,2018/19
1354,MK743247,H3N2,3,2151,2019-01-10,2018/19
1355,MK743246,H3N2,8,838,2019-01-10,2018/19
1356,MK743245,H3N2,5,1497,2019-01-10,2018/19
1357,MK743244,H3N2,6,1410,2019-01-10,2018/19
1358,MK743243,H3N2,7,982,2019-01-10,2018/19
1359,MK743242,H3N2,4,1701,2019-01-10,2018/19
1360,MK576801,H3N2,1,2280,2019-01-03,2018/19
1361,MK576800,H3N2,2,2274,2019-01-03,2018/19
1362,MK576799,H3N2,3,2151,2019-01-03,2018/19
1363,MK576798,H3N2,8,838,2019-01-03,2018/19
1364,MK576797,H3N2,5,1497,2019-01-03,2018/19
1365,MK576796,H3N2,6,1410,2019-01-03,2018/19
1366,MK576795,H3N2,7,982,2019-01-03,2018/19
1367,MK576794,H3N2,4,1701,2019-01-03,2018/19
1368,MK576793,H1N1,1,2280,2018-12-19,2018/19
1369,MK576792,H1N1,2,2274,2018-12-19,2018/19
1370,MK576791,H1N1,3,2151,2018-12-19,2018/19
1371,MK576790,H1N1,8,838,2018-12-19,2018/19
1372,MK576789,H1N1,5,1497,2018-12-19,2018/19
1373,MK576788,H1N1,6,1410,2018-12-19,2018/19
1374,MK576787,H1N1,7,982,2018-12-19,2018/19
1375,MK576786,H1N1,4,1701,2018-12-19,2018/19
1376,MK502415,H3N2,1,2280,2018-02-27,2017/18
1377,MK502414,H3N2,2,2274,2018-02-27,2017/18
1378,MK502413,H3N2,3,2151,2018-02-27,2017/18
1379,MK502412,H3N2,8,838,2018-02-27,2017/18
1380,MK502411,H3N2,5,1497,2018-02-27,2017/18
1381,MK502410,H3N2,6,1410,2018-02-27,2017/18
1382,MK502409,H3N2,7,982,2018-02-27,2017/18
1383,MK502408,H3N2,4,1701,2018-02-27,2017/18
1384,MK502407,H3N2,1,2280,2018-02-21,2017/18
1385,MK502406,H3N2,2,2274,2018-02-21,2017/18
1386,MK502405,H3N2,3,2151,2018-02-21,2017/18
1387,MK502404,H3N2,8,838,2018-02-21,2017/18
1388,MK502403,H3N2,5,1497,2018-02-21,2017/18
1389,MK502402,H3N2,6,1410,2018-02-21,2017/18
1390,MK502401,H3N2,7,982,2018-02-21,2017/18
1391,MK502400,H3N2,4,1701,2018-02-21,2017/18
1392,MK502399,H1N1,1,2280,2018-03-16,2017/18
1393,MK502398,H1N1,2,2274,2018-03-16,2017/18
1394,MK502397,H1N1,3,2151,2018-03-16,2017/18
1395,MK502396,H1N1,8,838,2018-03-16,2017/18
1396,MK502395,H1N1,5,1497,2018-03-16,2017/18
1397,MK502394,H1N1,6,1410,2018-03-16,2017/18
1398,MK502393,H1N1,7,982,2018-03-16,2017/18
1399,MK502392,H1N1,4,1701,2018-03-16,2017/18
1400,MK502391,H1N1,1,2280,2018-03-12,2017/18
1401,MK502390,H1N1,2,2274,2018-03-12,2017/18
1402,MK502389,H1N1,3,2151,2018-03-12,2017/18
1403,MK502388,H1N1,8,838,2018-03-12,2017/18
1404,MK502387,H1N1,5,1497,2018-03-12,2017/18
1405,MK502386,H1N1,6,1410,2018-03-12,2017/18
1406,MK502385,H1N1,7,982,2018-03-12,2017/18
1407,MK502384,H1N1,4,1701,2018-03-12,2017/18
1408,MK502383,H3N2,1,2280,2018-03-12,2017/18
1409,MK502382,H3N2,2,2274,2018-03-12,2017/18
1410,MK502381,H3N2,3,2151,2018-03-12,2017/18
1411,MK502380,H3N2,8,838,2018-03-12,2017/18
1412,MK502379,H3N2,5,1497,2018-03-12,2017/18
1413,MK502378,H3N2,6,1410,2018-03-12,2017/18
1414,MK502377,H3N2,7,982,2018-03-12,2017/18
1415,MK502376,H3N2,4,1701,2018-03-12,2017/18
1416,MK401842,H3N2,1,2280,2018-02-09,2017/18
1417,MK401841,H3N2,1,2280,2018-01-31,2017/18
1418,MK401840,H3N2,1,2280,2018-04-04,2017/18
1419,MK401779,H3N2,2,2274,2018-02-09,2017/18
1420,MK401778,H3N2,2,2274,2018-01-31,2017/18
1421,MK401776,H3N2,2,2274,2018-04-04,2017/18
1422,MK401716,H3N2,3,2151,2018-02-09,2017/18
1423,MK401715,H3N2,3,2151,2018-01-31,2017/18
1424,MK401713,H3N2,3,2151,2018-04-04,2017/18
1425,MK401648,H3N2,8,838,2018-02-09,2017/18
1426,MK401647,H3N2,8,838,2018-01-31,2017/18
1427,MK401645,H3N2,8,838,2018-04-04,2017/18
1428,MK401581,H3N2,5,1497,2018-02-09,2017/18
1429,MK401580,H3N2,5,1497,2018-01-31,2017/18
1430,MK401578,H3N2,5,1497,2018-04-04,2017/18
1431,MK401513,H3N2,6,1410,2018-02-09,2017/18
1432,MK401512,H3N2,6,1410,2018-01-31,2017/18
1433,MK401510,H3N2,6,1410,2018-04-04,2017/18
1434,MK401445,H3N2,7,982,2018-02-09,2017/18
1435,MK401444,H3N2,7,982,2018-01-31,2017/18
1436,MK401442,H3N2,7,982,2018-04-04,2017/18
1437,MK401377,H3N2,4,1701,2018-02-09,2017/18
1438,MK401376,H3N2,4,1701,2018-01-31,2017/18
1439,MK401374,H3N2,4,1701,2018-04-04,2017/18
1440,MK401295,H3N2,1,2280,2018-02-01,2017/18
1441,MK401294,H3N2,1,2280,2018-01-16,2017/18
1442,MK401293,H1N1,1,2280,2018-01-15,2017/18
1443,MK401292,H1N1,1,2280,2018-01-12,2017/18
1444,MK401220,H3N2,2,2274,2018-02-01,2017/18
1445,MK401219,H3N2,2,2274,2018-01-16,2017/18
1446,MK401218,H1N1,2,2274,2018-01-15,2017/18
1447,MK401217,H1N1,2,2274,2018-01-12,2017/18
1448,MK401138,H3N2,3,2151,2018-02-01,2017/18
1449,MK401137,H3N2,3,2151,2018-01-16,2017/18
1450,MK401136,H1N1,3,2151,2018-01-15,2017/18
1451,MK401135,H1N1,3,2151,2018-01-12,2017/18
1452,MK401055,H3N2,8,838,2018-02-01,2017/18
1453,MK401054,H3N2,8,838,2018-01-16,2017/18
1454,MK401053,H1N1,8,838,2018-01-15,2017/18
1455,MK401052,H1N1,8,838,2018-01-12,2017/18
1456,MK400972,H3N2,5,1497,2018-02-01,2017/18
1457,MK400971,H3N2,5,1497,2018-01-16,2017/18
1458,MK400970,H1N1,5,1497,2018-01-15,2017/18
1459,MK400969,H1N1,5,1497,2018-01-12,2017/18
1460,MK400889,H3N2,6,1410,2018-02-01,2017/18
1461,MK400888,H3N2,6,1410,2018-01-16,2017/18
1462,MK400887,H1N1,6,1410,2018-01-15,2017/18
1463,MK400886,H1N1,6,1410,2018-01-12,2017/18
1464,MK400806,H3N2,7,982,2018-02-01,2017/18
1465,MK400805,H3N2,7,982,2018-01-16,2017/18
1466,MK400804,H1N1,7,982,2018-01-15,2017/18
1467,MK400803,H1N1,7,982,2018-01-12,2017/18
1468,MK400723,H3N2,4,1701,2018-02-01,2017/18
1469,MK400722,H3N2,4,1701,2018-01-16,2017/18
1470,MK400721,H1N1,4,1701,2018-01-15,2017/18
1471,MK400720,H1N1,4,1701,2018-01-12,2017/18
1472,MK382331,H3N2,1,2280,2018-01-08,2017/18
1473,MK382330,H3N2,1,2280,2018-01-07,2017/18
1474,MK382284,H3N2,2,2274,2018-01-08,2017/18
1475,MK382283,H3N2,2,2274,2018-01-07,2017/18
1476,MK382237,H3N2,3,2151,2018-01-08,2017/18
1477,MK382236,H3N2,3,2151,2018-01-07,2017/18
1478,MK382190,H3N2,8,838,2018-01-08,2017/18
1479,MK382189,H3N2,8,838,2018-01-07,2017/18
1480,MK382143,H3N2,5,1497,2018-01-08,2017/18
1481,MK382142,H3N2,5,1497,2018-01-07,2017/18
1482,MK382096,H3N2,6,1410,2018-01-08,2017/18
1483,MK382095,H3N2,6,1410,2018-01-07,2017/18
1484,MK382049,H3N2,7,982,2018-01-08,2017/18
1485,MK382048,H3N2,7,982,2018-01-07,2017/18
1486,MK382002,H3N2,4,1701,2018-01-08,2017/18
1487,MK382001,H3N2,4,1701,2018-01-07,2017/18
1488,MK381931,H3N2,1,2280,2018-02-07,2017/18
1489,MK381874,H3N2,2,2274,2018-02-07,2017/18
1490,MK381813,H3N2,3,2151,2018-02-07,2017/18
1491,MK381745,H3N2,8,838,2018-02-07,2017/18
1492,MK381678,H3N2,5,1497,2018-02-07,2017/18
1493,MK381610,H3N2,6,1410,2018-02-07,2017/18
1494,MK381542,H3N2,7,982,2018-02-07,2017/18
1495,MK381474,H3N2,4,1701,2018-02-07,2017/18
